write_velocity,entropy_current,entropy_delta,rename_rate,directory_coverage,api_call_frequency,shadow_copy_attempt,file_count_modified,label
21.52585581919727,7.761539444433157,4.895601023812873,10.32585706664205,12,70.31674225446748,1,1099,1
14.739091734135346,8.0,2.975774678384395,2.0225839971088106,8,89.52498849904231,0,692,1
1.0975222730772363,3.8135125729939867,0.7782680664137163,0.24888820237295053,1,19.346290020705368,0,13,0
0.39944147217750026,2.95569038632601,0.21335068190181372,0.010454070971127142,4,18.67906975980425,0,2,0
0.45857851684808293,2.5797447278132353,0.2195563118476283,0.03790335027874747,1,15.927034516338836,0,33,0
1.4539081034440715,7.243796070545683,0.16404429825177363,0.12788168997574226,1,2.2575685072966216,0,8,0
13.691549551712924,7.698003214949459,2.6952849776840226,13.834219896075684,9,53.91754221787619,1,324,1
1.755004528311156,4.9988660576094945,0.31076069701947984,0.0632444097916774,2,17.14197746949758,0,38,0
30.559307483287775,8.0,3.890831069254964,9.91465543013139,4,73.8738970497269,1,1214,1
0.39112798914996205,3.6246751842295506,0.14168262226945963,0.09767348782901442,1,4.598319455784566,0,2,0
0.8676770059643975,7.116623061656288,0.0024508492641144297,0.12114770671808416,2,11.841098230267027,0,38,0
22.04548558431742,7.857503425394628,3.5593424668527582,11.18127052751953,24,91.92485243437636,0,591,1
1.239822468618991,4.717299133249542,1.0180928650537435,0.024349197057278473,2,4.353689193186495,0,12,0
18.34877453727914,7.702647888392492,2.2926830389008352,4.942044121372383,8,106.71784736441425,0,1125,1
1.2189004068835074,3.9201088930971073,-0.19058450923174503,0.004917470869113773,1,10.347660247091557,0,17,0
4.0,7.999951514309592,2.983729275366577,15.846000377215873,9,104.87943528778541,1,156,1
27.866785861512305,7.797693028064759,3.4513842575952545,2.294729706165066,15,48.826956247327345,1,1339,1
0.8653091884091855,4.6296378309919435,0.31645694719330836,0.03344040599217423,1,1.0,0,24,0
1.5940438582643468,3.5815841914191844,-0.4457517698686679,0.17527730783365641,1,16.58686932183474,0,25,0
1.9688295196107513,4.755739315462417,-0.2022238851411824,0.03445498486172636,1,12.587482425651851,0,17,0
22.275054578063482,7.493040768013639,3.781804431688035,19.079162931348442,12,77.69400138631357,0,417,1
17.91340144908705,7.7510740757672005,1.9386231377607337,7.369473276284555,22,93.74416571222963,1,1133,1
16.02457845302244,7.767056813746648,3.30312255539076,8.289959261160561,11,108.89513348578754,0,1676,1
16.16349587409907,7.8366931300111276,3.0307673427019988,18.524460389822334,13,57.879697256527606,1,1219,1
25.547183605088453,7.604079127259667,3.4025520967321454,19.113076957217906,18,59.72287343808206,0,836,1
0.593593178827239,5.483044873701928,-0.0318702607255586,0.1370173230927827,1,15.37350169901832,0,6,0
12.443699943709984,7.738677582547108,3.067375878719341,14.224968750115533,12,84.71061534193765,0,1651,1
15.28825248284658,7.106788560148573,2.866048956679653,17.78652563920692,19,82.3321107251213,0,855,1
32.276725749481116,7.793119936741173,2.781658980385609,12.842740753181916,13,80.74810863544843,0,1723,1
21.39592021946554,7.9557220622606755,4.5781941220828095,10.973381853190808,8,68.30586203187887,1,561,1
25.870230672022224,7.610006932791893,3.719473985468955,18.073291298269254,22,99.87919162896515,1,178,1
4.150760313489454,4.138124052401283,0.39054879086655014,0.1821512967496425,1,1.0,0,12,0
29.867855164361526,7.596211675021215,3.735125424298002,9.637983405612943,20,49.381231248090245,0,1073,1
36.566974480987795,7.660199275925693,3.8293703597461106,16.108183408711042,15,26.860815991678074,0,1449,1
1.7324697709015258,4.985617994892633,-0.08308454457557111,0.18183844459777423,1,24.326930641971483,0,8,0
0.11408651977916025,3.647161848042376,0.3139291096016652,0.019839474282544484,1,1.7450186688572646,0,18,0
0.6728582369936134,2.6468143507121775,-0.5605157517473901,0.0226910785161665,1,18.725090661886853,0,31,0
0.19446889910315646,3.5439264152444876,-0.0011209597665084448,0.057359207217404624,3,20.35592932970431,0,5,0
16.2782323856049,7.657014765116832,2.8898048426341836,17.604416261856326,16,38.86204630636691,1,950,1
0.524532520976992,3.749243148844683,-0.11776790150429807,0.05865283947261195,1,8.435306217072092,0,19,0
18.270313742448554,7.595842519391945,4.93306351471575,7.4534364661310475,16,78.19818005936447,1,1162,1
0.865556350289796,4.819673500234812,-0.7075084537467438,0.06291848230679228,1,2.997193723301894,0,16,0
25.255253806853055,7.337397637699837,3.319535780074639,18.53753279459106,10,125.21182527454249,0,93,1
1.8016299476413242,7.242421398711741,-0.14576547834803583,0.0515650757671869,3,5.797590799751589,0,31,0
16.712845304110537,7.544596882354345,3.8333505370093537,14.952775837033085,21,48.424093178657046,1,1155,1
0.5148809718562705,3.189254927879996,0.45140771973816474,0.07768734511010919,1,14.00902917014773,0,19,0
0.7982552814477535,2.4776650417288923,-0.2370619076661089,0.0333922202997467,2,14.391384395352043,0,25,0
1.7564476220939964,3.691796539685046,0.03433988673309067,0.046480519397709766,1,5.106891540424272,0,31,0
2.0177688591646654,4.116748540501418,0.2960086295082927,0.20684019333016104,2,16.61188852780919,0,9,0
17.23661437699166,8.0,2.3847895592583916,7.811400688880171,21,81.72631732539267,1,979,1
3.175824112989957,4.773898855801304,0.4184770449159497,0.11997440373968374,1,3.532469968981804,0,39,0
0.930223843367296,4.913977730354058,-0.2441648274900758,0.10897660327749754,1,13.833386306142307,0,32,0
17.97405075758655,7.677479433264061,2.3796410281908154,7.739375943618561,19,82.72617087560087,1,707,1
9.365074405095987,7.659907369823255,2.7569130845188687,1.5,21,41.330358447114136,1,1571,1
1.981979264426026,2.93264688718214,0.021467010613227883,0.13362286003203921,1,7.953514113539239,0,33,0
3.165991866940879,3.60964516212234,0.269933712613168,0.10688838789686633,1,22.189742354561737,0,7,0
0.39452770671195236,4.09794771758577,0.42598653188063107,0.0060412663646888685,3,17.343133065872813,0,36,0
1.4438695179082721,3.279986665063637,-0.07236524651244237,0.08235565037605942,1,13.186494813228414,0,27,0
0.5081016457106323,4.680924609797829,-0.3385012501600743,0.006095562227111271,1,1.0,0,22,0
13.724229143859699,7.8107208542567435,4.2282712047903175,5.674579095479772,16,75.35270890632812,1,869,1
0.1933347101417803,4.106480169658576,-0.20348628622041914,0.04573050010533613,3,1.4516688513768141,0,35,0
1.1147027141654304,3.410736087460954,-0.12634636348870704,0.22640701741480435,1,11.680544579464785,0,16,0
2.1575594198350836,3.76706441846996,0.5003090792891686,0.011349855348639304,2,6.524953353635788,0,33,0
0.9863515576088843,4.0181582348239475,-0.1706093677385434,0.14299515631221146,1,17.817288401334583,0,2,0
0.40612320585355655,7.204189788527649,-0.2441370376719043,0.10731976987227666,1,5.494537478329745,0,9,0
0.7962463614384716,4.07105168064859,0.1035856975270139,0.03601632919560081,2,9.907181070762153,0,4,0
0.43744016759738164,4.602853248146628,-0.374879597155084,0.16956418761718536,1,13.536479271996125,0,12,0
34.53207301364726,7.566559463973673,4.391766713431002,16.894427533830505,8,36.586732740449044,1,195,1
11.997491336325492,7.685021037071955,2.9012049870079317,11.59952239215501,8,110.84084022044695,0,1731,1
0.7181715168427099,3.665353412830344,0.14144333944616477,0.1567830648246601,1,12.796726890462388,0,5,0
0.8107649949298177,4.993535717076218,0.36149564677598495,0.03535277753840799,1,20.424995640602376,0,32,0
0.8494376517692533,7.618180980980903,-0.32446336517817614,0.08662132281614422,3,12.862082670106387,0,24,0
1.7232391613909848,7.6423874391634055,-0.19009931460179746,0.007255844509676263,1,11.927139533167402,0,36,0
0.5908077357691351,3.700305763047896,-0.18883684800006323,0.04190990179918333,1,16.788359240114055,0,23,0
1.4446987426301823,3.2740542739574896,0.14685304040591066,0.00433486755815677,1,5.263580247787922,0,35,0
22.637141519151175,7.601256782941101,3.365125806840411,14.192284632197044,7,59.31149993139818,1,1230,1
0.7523731824937951,4.539329459084722,0.29847519522018434,0.20470536326641806,1,7.312365001833637,0,35,0
1.2717924092054966,3.7335731172057813,0.020037168685063885,0.018433030417291687,4,11.093086280259417,0,8,0
0.38626780308833486,5.414326371066591,-0.35156268867691903,0.23618271455310563,1,19.352823271886816,0,35,0
23.12924331752956,7.483676376757713,4.273793305999042,11.004609124035882,13,85.42182656475102,1,1629,1
14.03241607373414,7.861261802407299,4.234223343621681,8.818300832980775,10,42.1280333898897,0,408,1
1.2423157400983948,3.6676807854851905,-0.32725513398201644,0.042317648217598834,1,9.40800373097514,0,27,0
1.084331634764172,3.419435789015042,0.28859174146633165,0.09179239687657856,1,12.778991497728194,0,26,0
0.9518350017659997,7.356973728698083,-0.34122259408293953,0.21915644580570193,1,9.315760500952708,0,5,0
0.1659209581339465,7.350412068541055,-0.5961168876554193,0.08235169598718407,1,8.540389339542173,0,27,0
0.06332162684310709,2.830328086449388,-0.2957407383221629,0.04357969188361735,2,24.87021852461224,0,16,0
4.123650077320816,3.808913250439006,0.23318825591570536,0.10419051062237289,1,12.515744328103292,0,28,0
20.814451668939878,8.0,3.7735623095125908,10.302419117157354,9,65.22109069367893,1,535,1
0.4663477295853028,5.15631076676157,0.8474406952852297,0.21572931575174592,2,9.267237696922745,0,20,0
18.318792306588733,7.376545289672945,1.8269438645315754,13.281019125152616,18,32.38035235524714,0,1632,1
13.18580509648181,7.63641650428281,2.9935618813717206,10.646973423011692,6,63.777290317174845,0,314,1
2.064344266531756,3.7252527432664,0.6459437709217777,0.12971923244630426,1,14.899948963516817,0,3,0
0.2838500163966189,3.4416684162504123,0.07362278843654625,0.04942808911971933,1,12.243684521793197,0,2,0
18.615515191793765,7.782476637026609,3.26254245144767,15.375884097622377,19,62.25265117835918,0,858,1
42.32312878145147,8.0,4.687474060235192,9.634781444484217,15,20.0,0,1136,1
2.21770542315113,3.48333697541467,-0.49647331752205487,0.03011559857010964,2,13.564939006065197,0,33,0
0.2736128113757001,2.6668018919364256,0.20772944436712915,0.15390060124585625,3,1.650498624349142,0,24,0
2.216846332280091,4.777440442015051,-0.3704561724187419,0.07032495458301347,1,23.147572560349495,0,15,0
27.78678575091204,8.0,4.478341863225515,2.777417979183136,14,100.67877589732878,0,1419,1
0.16738448155595143,4.700470216832275,-0.6096752256556957,0.021280677272009024,1,7.505524700092304,0,5,0
18.075433320913074,7.694129344917335,3.160395009552357,10.103873856347654,24,46.97757565579602,1,1569,1
0.957897031111659,5.016271389847602,0.5463841241651475,0.04769303791001108,1,6.962764577395982,0,35,0
14.283456540566599,7.89030769167168,4.512813203712851,13.649937851166051,17,79.20576352959236,1,240,1
22.544982801125215,7.873932623632485,3.3204101565785953,4.520290819807669,11,30.789614359048187,0,934,1
1.1083916001891791,4.06056588625056,0.17374175211953677,0.1291314055765077,1,7.860504131826452,0,30,0
3.043244189656552,4.7950823460690515,0.19512679478667394,0.12776678034638742,1,17.139530651318104,0,4,0
0.16674052091253977,2.2511077490571028,0.3244446568026451,0.042166274952930696,3,11.550062285236676,0,17,0
25.578017243938007,7.636527238878578,3.7461468850543174,13.773163706429703,18,74.94404708814547,1,411,1
1.7279105189088277,4.016779631076954,0.11703875480569055,0.03851940275416231,2,11.969372546608417,0,35,0
0.27962093195311044,7.389007172823238,0.22686427502732276,0.16813458259516942,2,16.296274494242965,0,34,0
0.21391474110538763,3.2054925881856127,-0.11282590331632807,0.03519927887059021,1,11.048579445922686,0,16,0
24.30158085609374,7.746545352390365,3.4811485190704805,15.571137512907955,12,60.77807562006578,0,164,1
1.314476696368485,2.5400164244535803,0.41583785520557714,0.06553641246123547,1,10.619848152515967,0,31,0
1.230199882267822,4.6882418895862115,-0.24632618710322673,0.13236583704069146,2,15.761728489536795,0,4,0
2.1721572251480548,5.1996650442179995,0.2921584006992805,0.22706305897387385,1,17.824829115223217,0,5,0
1.988909482395968,4.788097457558822,-0.10075014516110191,0.0010653674461099558,1,7.878381492334494,0,5,0
0.08884887364667948,7.2247735238051725,0.3718961599295056,0.10117603922442216,3,7.572248662049904,0,27,0
0.5729478668061454,3.654817336336643,0.5158035131285086,0.1738448432024601,1,4.427705860701993,0,3,0
0.37617925011349507,2.3519740773819366,0.179010290192071,0.07316323855771927,1,8.935808318941412,0,1,0
13.8850003521444,7.925827664807908,2.6059746659803316,12.097018215547966,13,84.32105621639562,1,280,1
20.80079108273296,7.7492988546482655,2.893539159759941,15.659693920471325,19,32.380606394298894,0,269,1
36.129918882395245,7.852727006773031,1.0954146197812125,9.11942959935877,12,63.7407952185833,0,1341,1
23.016548586876443,7.831599425449952,3.334825676246977,8.081028975961415,6,76.59255899414427,0,603,1
0.09015867764276282,3.9626423548552596,0.1120265747750899,0.0105770747912457,1,15.658974465980958,0,22,0
0.4023527975175969,3.623844298393634,-0.46478177858564346,0.1108587394534654,4,6.113377716301587,0,19,0
32.52075208086243,7.766739879723102,3.467510845247765,15.992465954864482,19,59.35567390670559,1,661,1
24.034525012429683,7.741623989006986,2.1862150800055202,8.18230760143236,5,99.48149360717407,0,66,1
1.3898841317277137,4.136361981798046,0.13359028516524485,0.18360818733035067,1,9.179571002467798,0,19,0
19.40093102406609,7.879333749316666,2.3157606893906486,11.478554876082605,20,75.57760865001828,0,999,1
4.689792565788138,3.9730535052548004,-0.059347627023267166,0.012177449803705824,3,10.899540076247744,0,15,0
25.814508760196837,7.953868653449737,1.495056023666683,7.654432488489814,6,72.59469344898552,0,608,1
0.9938409246495692,3.0459476868455475,-0.09732860999229963,0.011622162667166038,1,19.700274990279908,0,9,0
13.676720465026067,7.204806229980105,3.282076732434285,20.041073519346213,18,36.75564799726659,1,537,1
21.062083284511797,7.477070265226124,3.4315139756088704,11.379277470990663,7,48.12242379708111,0,860,1
0.7281316100226203,4.753567084893693,0.4735852251774067,0.035326658340211425,1,14.511437315946926,0,22,0
1.032499862459196,2.848790974095972,0.018456340653146067,0.010525753484914713,2,13.20608988425192,0,22,0
1.0659350519831439,3.00465592607857,0.40635503667706313,0.1389806353953561,1,1.0,0,39,0
1.022524950819814,3.8660101594585514,0.11854583645373994,0.010148587111146318,1,15.854235549849408,0,8,0
22.272074038888622,7.924089833948262,2.7551249588422806,14.34215303335398,16,52.495994303158426,1,772,1
1.0037124516195883,4.519571976918597,-0.10063491673895565,0.10194704324782602,1,12.82749912550836,0,25,0
16.350971102511156,7.395951164804902,4.177384605000793,12.85771572164979,17,74.12646248853419,0,1005,1
1.8792616319120121,3.635770326809519,-0.26802760350950333,0.14484710306064313,1,15.53100471756717,0,8,0
18.708070070229756,7.767448287564122,1.465757340579001,8.490197675322076,4,138.25924171604223,0,1600,1
1.0361447303393605,3.7632239936662835,0.23964473126771108,0.012691069397508865,1,4.341984476240774,0,20,0
0.9114257706722045,4.239384637201319,0.2855962072413993,0.051563852782746764,1,11.39065077796469,0,8,0
9.94709736685285,8.0,3.8491503163241436,11.674609091857006,16,105.8082151303666,1,1438,1
0.4311148765327314,3.288188378044693,-0.3481906097927569,0.04485023287089292,1,10.417589774211912,0,17,0
29.221282315059884,7.8375647532487145,3.2979050274685693,8.99248989764997,20,82.15966859888475,0,264,1
0.46236527217729295,3.2528323985607224,0.05064608433085201,0.01742389286788262,2,13.07442318874317,0,10,0
0.37976636528061236,7.239839337556614,-0.362454121401016,0.01117344370666283,1,18.073346540722998,0,38,0
27.713891861551424,7.779129824385927,3.249730488458009,5.683839555528285,16,93.82974874331373,0,1568,1
26.776580488090868,7.9117325530994576,3.0022735782051955,12.572400830572397,23,82.30422070518316,1,1443,1
32.85859729541154,7.582968479027499,3.405743731020579,10.102592420442516,23,115.25732451207178,1,1192,1
16.614518108295297,7.6754515511942625,2.380421731920805,14.29590680332671,20,99.79815774717386,0,1288,1
1.3862601101452494,4.096875241051137,-0.3625858240786789,0.06459369639088983,4,5.819146408663027,0,8,0
17.891109582288482,7.8689052253935925,3.6939450752609497,16.584727612197756,5,69.57932374444641,0,445,1
35.16305466165708,7.635081993862392,2.4598980757825486,18.64396761656249,21,95.20898874164271,1,397,1
0.44436435118246814,3.233369229918669,-0.529154896743499,0.1018822555571589,2,9.184524974024065,0,33,0
0.3896900965171705,4.360589028106318,-0.2933455194151215,0.4138095637113121,1,13.016250307629667,0,18,0
0.9027171040016901,2.5852408448282076,0.5388089120534424,0.015781656441906825,1,12.675946132503874,0,35,0
1.0181466310613825,3.572253571461933,-0.26921893575386724,0.005851745052905073,1,1.0,0,13,0
5.0,4.286885953885392,-0.008177519648552706,0.014696001697189424,1,12.36693875961427,0,5,0
13.723690953213703,7.36470901210809,4.367524280167449,9.408730795087642,19,55.91336741727221,0,83,1
15.089072268834398,7.468943622549022,3.1450124033890865,10.231084296490044,9,84.06124703986316,0,741,1
0.7369458529412063,4.521975378001427,-0.06642306142283566,0.0020417622921914177,1,10.040455035295036,0,17,0
1.5850796170984134,3.212969620971709,0.2847593310825712,0.06703366657239547,2,7.638306245895906,0,36,0
26.740269756697955,7.723174924190968,3.6213367817158284,11.727134833075052,13,41.37680532337069,0,1412,1
23.404576493723905,7.883189767566813,1.8085169117266948,8.868971964482492,8,106.96087394914288,0,192,1
16.874530906337817,8.0,4.15174035137196,10.0206855783215,5,83.34912874190476,1,1681,1
0.9594826324106566,4.895767022375825,0.108331590470063,0.3876331242123089,2,10.819314306738102,0,12,0
2.8203351772936394,3.510550928613946,0.09788764038495266,0.05716117323307555,1,7.96879553469703,0,12,0
26.93137683851787,7.715768722649927,3.2620042550505692,14.894329143640228,6,63.40363926235136,0,136,1
4.328211278309604,5.0624854463292115,0.5503102307154026,0.17211555007109153,3,10.033880752027308,0,31,0
0.6908967265310219,3.1052471765982808,0.298051535731276,0.056241491683867946,1,14.024178398081197,0,35,0
2.024201300873952,3.8241292580281,0.7570171874253765,0.0786119472851581,1,15.759568799975373,0,15,0
2.1311084412323886,3.8043940401947145,0.44531575627038117,0.23206877818606356,1,13.87867061144335,0,21,0
19.29251372148145,7.764017695041713,2.9465173559705624,19.015300979398994,14,96.79256463997034,0,177,1
0.9630956842035895,4.909406452904923,-0.047848906493290086,0.03279682301694006,1,15.893661637555626,0,3,0
0.37896073466322,3.1623977571342543,-0.051078355944820145,0.012861099460856437,1,9.07814219887196,0,36,0
21.680463091329084,7.665585622982061,2.4255080847062342,12.184967300072797,15,51.941216773452055,0,1185,1
0.39354916699359443,5.368553017728837,0.1831335068757089,0.0572500164850385,1,15.123011298461847,0,25,0
2.7058826181370814,3.64846906321476,-0.18011972828822037,0.10045638887837932,1,11.172532489731116,0,10,0
0.6957106455595087,4.176782802965424,-0.18086079398173155,0.08910835520380264,1,1.0,0,13,0
1.5679327732721002,2.007960081184397,-0.4648180650156594,0.0019438289184684052,3,3.2967013605077753,0,11,0
18.10114107212827,7.873819295610311,2.559504615281325,12.00585141925516,7,42.7624982569005,0,1219,1
0.35731491914270747,7.161922674772264,0.07827707040269277,0.03918035394722278,1,11.106316230601676,0,15,0
18.48240039251353,8.0,2.620908439672751,17.21626585339535,18,105.16339308635756,0,848,1
1.0212860440520504,2.87549961466491,0.24813009396047497,0.15589024748687552,2,13.859025559199535,0,3,0
20.421059143924086,7.497082977080419,4.112829371403732,17.79364668048956,20,35.82601572081618,1,156,1
15.414317988207289,7.9386102893213595,4.397143419819256,14.49363189598011,23,87.92063164561127,0,1671,1
0.9004520867210553,3.321832389013526,-0.1635080421244246,0.11045956990139183,1,5.242570757483623,0,37,0
1.9232889893448624,7.350367350124723,-0.138382665096904,0.028289728625415744,1,4.531398754984904,0,24,0
20.422820952332696,8.0,4.404900173378956,19.065828986150247,10,110.21548733614799,0,558,1
9.951289239518596,7.756972483065833,1.615763749477992,13.92272505688158,12,71.85634256260569,0,1225,1
35.61252856042285,7.904004497426142,1.638823698021628,12.397883832436602,15,61.46317483732078,0,789,1
0.9869491166896464,3.4807105182378,-0.08919643986742125,0.08842111641240177,1,1.0,0,35,0
21.893337223708304,7.534018031827839,2.0430459292748884,8.48014259191036,17,89.26215215199227,0,1649,1
0.5446252731172244,4.3118298654364295,0.0003694312513694148,0.22786532454805433,2,12.7179558271136,0,33,0
2.1511359426192356,3.835023810171111,0.2800777371863499,0.06857861100735328,1,11.698984394196705,0,14,0
1.466716336153548,3.7475619145751957,-0.04706061979809317,0.00903564377571448,1,14.166150870856532,0,16,0
19.0871502288863,7.703046929712237,3.926996088162605,17.690241315370056,9,84.79245040026181,1,863,1
0.901537695546328,3.417146206387109,-0.11419947777768431,0.2964344300382783,2,14.477883393150282,0,33,0
0.10231309683664087,3.700019370913387,-0.1878043230260995,0.06293175333141349,1,20.144042800477045,0,12,0
2.3486693887239842,3.2212297529037697,0.06865759720956613,0.009204369437754342,1,6.142521291272788,0,29,0
23.862884895716604,7.474484723987066,2.2856363031248894,10.39887491518826,23,45.05105094148345,0,383,1
11.864826296587248,7.750792256184917,2.7383588583993475,12.029398301858999,8,109.94610767578746,0,684,1
0.6909136652584502,4.309277060657463,0.3986030307860344,0.01882642851746334,1,16.989825353709463,0,10,0
0.5297315927014984,2.9988503387959375,0.7328997169042281,0.03409453809178587,2,2.2326843662686997,0,32,0
5.0,3.6709085015923755,0.2932572432808782,0.057459612624022764,1,12.184485498524992,0,3,0
0.01491183181986227,7.448763139700091,0.332605651302923,0.19257359113219866,2,15.852153009211918,0,13,0
1.1740395343312646,4.378888469783099,0.01766054648882808,0.03254040087479161,1,11.693636009310106,0,13,0
21.989857172100024,7.7032004858906875,1.4242865000136442,20.476961548915803,12,69.5498592219719,0,1407,1
1.1021832957550457,7.363308065321726,-0.2307541070283754,0.02964935885395957,1,17.720385199427877,0,6,0
31.675955949158233,7.369902058796452,3.088012294270571,11.45643445789928,21,78.37940603356672,0,1218,1
0.16166243473078692,2.949278394743239,-0.07291867063131785,0.09058756825768184,1,16.494083730444785,0,21,0
1.8575256337836805,3.692185136707905,0.08985429010838933,0.14857012523336732,1,20.329205633124968,0,12,0
21.319414601398943,8.0,2.739573315314332,14.396158318937353,17,72.39976930688263,0,882,1
0.2421855772542153,2.070751733344645,0.11294087783826724,0.012627895860510035,1,7.531458268560976,0,29,0
21.906835609326777,7.5590901378351045,2.4381393400007503,12.054462457523307,20,69.33681319042905,0,1768,1
2.328347768364874,3.411479059127462,-0.11962006740138752,0.11614642080386176,2,1.0,0,34,0
18.00309125421814,7.798950065336955,4.738067646826904,1.5976999218826755,5,70.66138956096532,0,1274,1
29.26399324945966,7.699952766868585,4.935959567619581,14.220358797766348,8,70.17294814983468,1,1132,1
0.007510093338571506,4.751929117792934,-0.11084212940661471,0.03363925296628748,2,12.567045918284345,0,7,0
1.0409416981804425,4.270185321983954,0.07447524349922394,0.11057244330437324,2,16.76009594211635,0,29,0
0.18382424695407557,4.423653381792305,0.16622283720754227,0.0369923260986401,1,12.51233166080975,0,5,0
1.2316583645673689,3.625571297441424,-0.22727311716464216,0.003250047725087203,1,13.051049695854017,0,5,0
0.638561336989456,4.844775933861751,-0.19105118324802023,0.05381175252340576,1,14.267299605499407,0,25,0
0.6778658644888433,4.422024992651955,0.12629909373314807,0.14205014919141273,3,14.186878367078947,0,36,0
30.678621921248865,7.8076503155738655,4.071222568283526,5.706011503942277,21,125.67042790105981,1,593,1
35.53863776541774,7.876035918473023,4.330189557741703,10.57441197071758,17,96.4289597105822,0,1436,1
26.72003808883577,7.5631691585900915,3.0181085654613478,12.513804268985172,24,79.94188917385613,0,135,1
1.831850246112429,4.1860192390628725,-0.055571859237341203,0.218418164984162,1,1.0,0,30,0
1.4699368809835436,3.3093113499853732,0.08191589584532377,0.2711596043375673,1,15.010747006665847,0,25,0
34.359878363058925,7.543918852554488,3.51329613324324,13.803989481730456,16,78.48299076823899,1,1488,1
17.84180168295976,7.707220702271136,3.679217877009826,5.457284123999112,17,37.643411773344035,0,1455,1
27.27446495609062,8.0,3.763373427489846,14.479593895064927,24,64.15023844460107,0,441,1
20.665296708761915,7.6265843581579125,2.8737791242165174,8.288926803617187,13,86.75034153116654,1,566,1
21.322316537097173,7.770051297409032,2.580148259128154,16.332202622214332,15,56.692511256572786,1,1684,1
23.15011714486868,7.87663372066321,3.119978668186884,11.423657718190022,11,94.44494077194287,1,729,1
19.583751817737895,7.917574083533558,1.8639216122620488,12.346923045228753,7,65.43540393193916,1,1028,1
2.3806705682533855,3.2007748232359234,0.44040165408339704,0.007381016172746262,1,4.748456854545948,0,26,0
22.546803549225043,7.447642570806213,3.833569224615764,4.643318443313572,23,85.70882284428622,0,453,1
0.32552873865600984,7.501107045194912,0.3645269605397152,0.035055258556748466,4,11.550124445534692,0,16,0
2.037803845893718,4.142650369978797,-0.1110266889467245,0.018868642396659203,1,16.804592560437545,0,6,0
3.514659377021196,3.9256436651275526,0.43070894513181157,0.03722768802661987,1,5.252069764104381,0,6,0
2.6173716646593648,4.065475090606812,-0.11602090466621547,0.017398568642476925,1,14.26254132256068,0,26,0
12.487823526192125,7.527962240369515,3.3669419002866414,12.40624969401443,4,77.58454990530238,0,1294,1
20.740629329812712,7.664734637026348,4.545340609903095,22.165364128122103,12,112.85701839301208,0,448,1
37.04642815034653,7.901760186795154,3.6525175650730195,9.53266959609133,5,63.12186803888492,1,180,1
0.6990980665439515,3.4317892787333415,0.4506121987175314,0.017500949887629822,1,15.070673871902965,0,39,0
26.90539201513254,7.9507381422224,1.611114172226864,6.855665800160206,12,84.5863753713554,1,68,1
0.03159623797659021,2.9134683750473584,0.15179848006184748,0.014740618895151932,2,7.022954646707895,0,20,0
14.386044213666239,7.80408162684161,2.481314436897115,13.89884390959466,24,67.07242918565086,1,1658,1
1.3826424005266995,2.8413732914022733,0.6683294212520025,0.0980985989032433,3,1.0,0,37,0
25.450398504509728,7.884727273141725,2.3681911862127256,9.476716024370234,19,112.34274397513835,0,299,1
8.808193296869575,7.737754124959604,4.490451040244141,15.564282163641968,17,36.75627612489771,0,1070,1
0.26631019863589006,5.549991063499365,0.030680617999418226,0.000796810667782204,1,7.222040128022896,0,16,0
0.6538727506156591,4.566305782541582,-0.36512423098979463,0.09828280328746405,2,18.0454840965764,0,7,0
16.785540975410328,7.880766644612476,3.5791878148091927,18.920687219942486,13,32.2693400199351,1,453,1
23.63531497201131,8.0,1.6496959327227774,4.140410868092624,24,56.92078902926518,1,1720,1
32.134777924537,8.0,2.9333757211121845,12.503845659514557,18,37.47994961844563,0,185,1
0.694617095031743,3.430323185078881,-0.7626847460696337,0.11573484394558278,1,11.383988348604431,0,8,0
0.13095298634958907,2.7395920706540746,-0.25277499950989474,0.022203089481154327,1,21.523965924661304,0,33,0
13.740168256841022,7.8026491843453165,3.17117518775722,11.870588985317223,9,65.28800233071297,1,1689,1
15.722596899435995,7.612159190582993,3.517705562491846,12.789692190770326,14,60.20309834142269,1,1762,1
29.752324413082796,7.790316022839918,2.7056946744541417,13.316903467641254,22,43.52337721379517,1,655,1
0.20205658756645073,3.56753991752211,0.3000116275557786,0.047352221448713094,1,18.514927915372475,0,19,0
0.377433287046608,2.924330768357657,-0.11198549021882888,0.0299393807184042,1,12.019259206580985,0,3,0
31.337672669177266,7.761283890654761,3.786678367423786,14.73887755155367,19,85.1772595849708,1,671,1
0.6729116917617683,7.290859953780644,0.4047095376093853,0.049347556357075856,1,8.480826041444184,0,31,0
2.1983546289611033,3.0015761302562236,-0.360291158512025,0.03757788379458441,1,8.553705297222363,0,5,0
1.1775721991355528,4.610036800843069,0.5546008663325183,0.04077711005219012,1,17.29268263245304,0,2,0
0.6925952027916528,4.755165007990622,-0.1796685842109551,0.06286615714598062,3,27.307045515015886,0,24,0
29.927665496285293,7.823637007282402,3.085666787412462,12.908535314773793,18,72.16029715947374,0,750,1
0.12225846327411377,7.512975347858047,0.9717382790110617,0.013165721635930898,1,14.24302287001002,0,30,0
21.35496953240152,8.0,3.601411259655684,9.574856039483016,7,89.59592703847647,0,630,1
22.245401408565673,7.560855682496306,2.6436997114937832,11.767450822003081,24,80.3745704363637,1,859,1
27.27148283882947,7.813674587902933,2.0625072538333002,12.210729817240328,20,25.524532662757196,0,1122,1
1.068365995747175,3.1162616440228663,-0.11395184689812836,0.09005897484680805,1,25.27434382554605,0,38,0
9.806824743631879,7.99102354792289,2.764267582201511,17.09103014654153,12,34.743422030205,0,497,1
19.4846817330658,7.525830569286886,3.451773200629986,7.084895403801464,13,118.35104886056547,0,990,1
27.916361657567514,7.554444357808229,4.238504721084642,8.491120056452427,24,129.29506668491504,0,490,1
23.97447454544682,7.6666229439894975,3.667162585434999,17.719711161328355,21,85.39506814301113,0,1215,1
0.190881738464169,4.54558380396766,-0.17993431173944346,0.010154923978398294,2,11.948488788842369,0,37,0
0.17989429809528312,2.4968878531403877,-0.6100184215639847,0.02881635808597903,1,14.712384060909688,0,26,0
0.8844250684005335,2.9814435909453643,-0.022210181266765106,0.0332417671623231,1,17.803637850370116,0,27,0
0.6067518890954867,3.2835444570812196,0.007960224876020598,0.02892185348064662,1,16.443272195246617,0,13,0
13.055516576145376,7.715171856573951,4.3295948749247755,9.631543227241206,13,78.01586902233635,1,211,1
0.4069399882447889,3.451822213759497,0.37431192781554246,0.011418208348003347,1,4.445606244415522,0,18,0
36.607977693928376,7.756029279756403,2.3399256337751813,23.566634772303573,23,97.29694086425687,0,567,1
0.6101224534792955,3.3594230434435906,0.5987286459187653,0.08708758084637302,1,17.743402846492117,0,4,0
4.0,7.962217325631773,3.819548237641529,15.300734898213474,11,49.35691512563481,1,1301,1
0.7532494784449852,4.0121244218391094,-0.19755268322258662,0.053582218900812995,1,1.0,0,39,0
19.258315028160816,7.70405293370043,2.9302649658249322,5.057929558561095,21,44.76411677602353,1,559,1
1.4445188693616835,7.125896578830462,-0.15266586765885232,0.33415452377844274,2,4.669157441019214,0,26,0
4.0,7.693283775571693,2.0807734299735188,16.397876324136227,10,62.734694149333684,1,526,1
1.1572072127427981,7.462069003107262,0.7474914188445104,0.11136031197471383,1,7.636072670986336,0,29,0
12.72303510768161,7.748206734847252,3.236107174192921,15.40869672528762,18,37.6974495713659,1,1032,1
34.40504474606134,8.0,3.251616142981714,14.866822728954837,17,84.23159444124761,0,937,1
3.9614367863863116,7.092228042042624,0.3313717658082521,0.01594025120393838,3,7.455415351483262,0,29,0
0.8251721341369074,3.8522145562740424,0.2946547670045519,0.008195129083695766,2,15.966616666087038,0,35,0
0.014931624849766921,4.257674222723937,0.49146133564751615,0.17022009359208667,2,13.180453942594237,0,14,0
14.789042281262034,7.425450318935497,3.2902607502563352,9.40341526096437,10,42.88180583956332,0,863,1
25.839975954680302,7.768260234211934,4.819157810621288,10.039285967451997,9,67.25722970483568,0,983,1
0.9472739092300474,4.485293683700542,-0.1292510063218466,0.08369990733591606,1,8.269383883000794,0,4,0
1.815294249037683,2.5673655660553063,-0.3309118204601688,0.016845370277032732,1,15.188938128879947,0,16,0
25.13784540443653,7.934773003192835,3.017729302277826,11.068831998458212,5,113.94763580795892,0,663,1
19.725679115573293,7.710111256822389,2.412824167266751,16.142929867891766,17,108.2448591301269,0,1333,1
1.3109780065356262,3.4542097286682982,-0.40412837399378065,0.14374052666254497,1,23.854415208435853,0,35,0
1.327566206278242,4.159724725300681,-0.14119066334411418,0.4365747704507057,1,15.720479990678017,0,9,0
0.7511672790793487,3.4826702721424656,0.09532515785283469,0.1173804267544302,1,9.689779185442674,0,17,0
22.650791066774115,7.587484843537839,3.9975243381447187,13.69919725390714,4,73.98484420803675,0,1402,1
0.6283517033770691,2.6763485943442866,0.026908882688216434,0.014791750162216932,1,15.589981042847125,0,23,0
0.22368169622619286,4.263714583458118,-0.22457172513473833,0.08069953595336987,1,9.55998934873848,0,33,0
31.743417135796122,7.866014578815511,2.2501524007924396,13.505419554447563,9,110.26730801052237,1,515,1
3.1869508459344598,5.255378546639777,0.11870654592352438,0.05583216858174533,1,8.939275563126744,0,4,0
0.16719489999279327,3.855797479072839,0.2784262425119774,0.05285410263907775,1,13.259493203900945,0,26,0
0.5720254820180182,3.53830544272895,0.7398024947512296,0.06972862928440036,1,15.673440089441485,0,5,0
0.8697639955445144,2.168830978395667,0.41905107924064106,0.13368218968557397,1,6.028219837256943,0,34,0
31.563621694023844,7.347399873538064,1.344039705726668,11.540670299655115,22,72.84457254981368,0,1697,1
17.393777960607675,7.98009741000667,4.384298540341506,12.813415033619991,11,61.71471497153938,0,1641,1
34.11771689995523,7.707264646226028,4.0419116283638985,10.263870944923951,22,90.58814497064647,0,1480,1
0.38160204236609707,3.3722134019523264,-0.7222465969343064,0.007103549818751706,1,11.949827333255636,0,2,0
1.0604427249525759,7.441527284741698,0.01451761030752994,0.07003249079644495,1,26.110631033832327,0,20,0
0.3744248807306806,7.096535218440519,0.5716328145675434,0.09653369346481336,2,24.420158294869655,0,27,0
28.76313106622458,7.3172393997301945,3.2036377620408447,12.626635329260402,5,112.11604654691268,0,280,1
1.1021384560270686,3.3785956538760074,0.43677125543101825,0.381724203890761,1,9.262181804864284,0,33,0
15.656547600480959,7.704106041736058,2.498852836123979,15.879363459359634,24,32.47148814331896,1,629,1
1.8791957339232384,3.84889248749391,-0.6838364944994284,0.004410138316455297,1,10.04902360547025,0,11,0
0.9574660921778355,3.2676116682478273,0.23199967652923364,0.10338690949522354,2,13.149791772404335,0,20,0
19.867095893763704,7.781968115433079,3.035842711355699,12.472063856431625,23,89.67643836486339,1,275,1
0.16054026381141823,7.138786488250039,-0.0685419689726563,0.032364778627970436,1,14.035065474812905,0,7,0
18.55480597796939,7.872192868849329,1.5688771642155925,7.720883827563398,7,86.36760991041936,0,1069,1
15.115441684619503,7.634355966675816,1.6758508182484348,8.850696349247684,20,110.35275976516954,1,1696,1
0.45986031615342765,3.833103242068678,-0.3531539346053709,0.03309875428175727,1,3.1412181502691894,0,26,0
27.885770488151103,8.0,2.6000342458892196,13.722269536247634,7,64.66378241320511,0,1093,1
2.8791113382097393,3.5973960719798317,-0.6213348601763273,0.14972876511193378,1,1.5991830117828716,0,15,0
1.4048857094966047,4.32262653859963,0.45648957560099207,0.024232647418615222,1,14.634411335341019,0,4,0
0.9717049307895836,4.163836135713904,0.07700067505909422,0.025920483854038126,1,6.486185273671332,0,6,0
1.4286160268936359,2.5678018943751386,-0.6262585068841173,0.2519756584136415,2,23.995438178001017,0,2,0
1.4958729226488179,3.308181707874465,-0.05938995798505757,0.4633938155228853,3,17.408979198856393,0,16,0
0.5984380403467813,4.238966614388025,-0.20025765381058497,0.24302848693747536,2,14.739014011006773,0,19,0
23.617806996735716,7.553545349304369,2.3197204613763955,11.55947369686924,6,57.249613927711195,0,1671,1
27.641386575277743,7.848924927914857,3.4875986910978893,7.931152568399363,12,92.5455760135836,0,812,1
21.22696371042662,7.674429022243022,3.2111285856228795,22.133356002791373,9,84.04785676826316,0,637,1
13.867805102539181,7.974565098777055,3.485676446153412,7.557346920195025,22,63.09843605555333,1,1607,1
2.7334545390095304,3.510589544930549,0.1905462129357015,0.03607669485050481,3,9.45060546478316,0,4,0
0.9028730814234533,7.016475213163045,0.4844015703575544,0.09556570544703855,1,3.791555348808064,0,10,0
1.1206488500070904,3.9512739950712414,0.0534582134404171,0.35963742616942285,1,10.142041126885866,0,37,0
23.08042532649781,8.0,2.7501443623385025,10.124609583752703,11,52.68066731809623,1,1075,1
0.46208996976416067,3.72706470435505,-0.38900460202751314,0.042952078767229826,1,3.740314210063902,0,31,0
0.5216653114539012,4.302900186272973,0.07921839393194782,0.19223529481297155,2,3.9950354459700534,0,36,0
2.0672161717990774,4.946737935860135,0.41816327004296144,0.08290027085892476,1,11.673245163236608,0,24,0
15.752242342718766,7.698434124672794,2.585920035013583,12.445563414019839,4,91.83681990395577,0,161,1
6.165613575705359,7.885570794968206,1.1631678883203707,22.72203548653298,9,81.22234922833141,0,1454,1
2.396192217183406,7.407664804479385,-0.34121237887416134,0.018333172251328564,1,14.706529275033398,0,3,0
1.4305124688749087,3.214789276882936,-0.08184515046624789,0.15423239775251574,1,3.756665294468581,0,18,0
10.916724865454965,7.428969713964001,2.7273573223715655,13.233457250527543,4,80.80486261605819,0,797,1
2.251598237966399,2.9760522632754025,0.2618282953563894,0.16300237764750578,1,20.44338006830181,0,35,0
2.4096506447441595,2.4128131764661176,-0.06938776589205105,0.11351876765986495,2,1.190982020951541,0,31,0
0.8504641555367786,3.6772125768353146,-0.05515920408621297,0.04608602465572241,1,7.183151790307457,0,38,0
11.303399136897294,7.620524545870407,2.3940087037544244,5.344638506892178,4,63.42859285714051,1,1709,1
27.49653655708896,7.661318065356291,2.0087461413598646,14.830345829942244,24,118.66226578986554,0,196,1
23.85006197747267,7.808376005223264,2.5820067117440137,13.744611926032144,17,95.67096576772786,0,418,1
27.9152759089317,7.569228891609533,4.618044103240161,10.091977126714575,14,67.88026476211512,0,1106,1
29.786927619884914,7.6681154853938365,3.0325930751371133,10.02319380334918,22,20.20053359300298,0,777,1
1.8275443561869662,3.956780027091682,0.0844085672833359,0.2385039248175067,2,18.1426578097249,0,2,0
1.6886604590164653,3.251835041712475,-0.21606630713673025,0.1171394798198144,1,9.427951218712167,0,16,0
1.2771710048060232,3.908435673726904,0.0700516240585557,0.2045303799286022,1,18.009921020262603,0,26,0
23.786418716417643,7.520531696735734,1.9989913269623756,17.116335477769688,23,79.38935212314554,0,938,1
0.29850521948449105,3.176678678457362,0.43953128557252097,0.01508289440426324,1,12.25669741274592,0,21,0
12.870110265242177,7.672063871540089,4.16571889532326,6.336347481852486,21,37.35418986673449,0,1578,1
30.380109096701027,7.594493375209029,3.5082670740264574,15.308409527053362,15,110.59884613852917,0,320,1
26.38501062981832,7.474325105535862,2.59059744870752,11.42069618560166,9,83.663175457825,1,1076,1
22.394598693596475,7.925058010683306,4.044573879610203,13.224524756019981,16,64.38504584944644,0,847,1
3.2476576013841125,6.976926709744655,-0.2416807455784022,0.11596133015014054,1,19.70424604101772,0,30,0
22.852279736430244,7.837346511112967,2.758528712721584,9.178272015687066,21,65.45922261466971,0,187,1
38.338062724086335,7.734628761990589,2.472779070818212,5.265177498536066,20,37.76789338899455,0,159,1
12.003552778084158,7.28487366443173,1.6538384176521737,21.895835121666863,12,107.62406721976046,0,339,1
0.6027310027836139,3.0894816834180983,-0.5586729708865518,0.02102155642264387,1,17.49940908386581,0,38,0
22.08509014678945,8.0,3.9815998795363385,15.387702324850721,8,85.12588464639282,1,1276,1
13.107956954391009,7.783849080963793,4.389184582523064,16.846193027647047,24,43.76087720189987,0,1381,1
23.53030608109002,7.961435825922886,3.7657395437273413,14.94431502417951,12,68.71120249539659,0,1275,1
16.653848001247077,7.599191501666491,3.1617642897114617,7.949167933353474,18,81.81583785798536,1,300,1
0.6288464460466021,7.296692849950475,0.13924886273610956,0.3257137659742911,2,5.275127358666138,0,35,0
0.30142248163049534,3.8631168772788067,0.011992460250644536,0.03978155334281253,1,7.589562098235853,0,7,0
4.157436601815771,8.0,2.729502546605093,9.442375856501915,4,90.92270197507463,0,447,1
9.23546203022218,7.74825300482048,4.087475502329941,11.162941153342363,11,84.60523054123655,0,217,1
1.541943766978871,3.624444950684109,0.09824557670827422,0.00559987725181866,1,9.635065372891216,0,18,0
8.544957159819695,7.663836479522361,2.4009298632705143,25.5925092706516,9,75.48864611995454,0,1267,1
0.4914343740951436,2.466711767080067,-0.19355149705067143,0.07276753199521005,1,15.587586205371647,0,28,0
22.358545576801344,8.0,3.5338179115717585,10.107513981562578,14,70.72051575509002,1,1366,1
27.842270554455716,7.745506204665086,3.469312815726597,11.371595080041965,24,64.1835121650852,0,626,1
0.26163197308738007,4.423419109915331,0.2629547243159672,0.02324667578930813,1,3.537436777054623,0,23,0
35.28875129517372,7.535307851059461,0.9538633545957818,13.279246539184712,15,93.17928148834872,0,1024,1
0.7916276690536871,4.967785500030352,0.37481577485199224,0.003390634097066112,4,16.41204692518678,0,18,0
0.09435171586214891,2.9214836175753227,0.47834861950080476,0.08301455629094047,1,12.34561335603145,0,31,0
8.365066333629875,7.858004839397848,3.0126811135241702,11.564374019446673,16,103.41138935812113,0,805,1
17.174819463890444,8.0,3.7943788423471805,12.894102897905555,4,79.6776775031273,1,1090,1
0.6519112699324741,3.687257668577904,0.5002760916751758,0.011259487347273866,3,11.333919227209433,0,29,0
16.968816367660985,7.666991079912473,3.1871125015558044,10.978967373351214,23,101.31368276836872,1,222,1
1.1156355569080103,3.953205551034184,-0.025857780041484132,0.014357587098936888,1,15.088029326329378,0,36,0
22.810482265770013,7.938481859006827,3.255046311065824,14.560499502566486,17,68.98189240027374,1,1298,1
7.008239394540437,7.988067268121874,3.630677282734913,5.83292830118081,19,110.85442591300816,0,287,1
0.5038201904557033,3.63643601625182,-0.02201900931038367,0.058808224943093776,3,8.677829081187166,0,33,0
0.4790344351360374,7.300089098837509,-0.1573783478245256,0.027498086252406996,1,30.0,0,18,0
4.308979754557765,3.4094424022142023,-0.5977210745931983,0.0275527322197929,1,19.01644939293877,0,39,0
5.0,4.602967619048542,0.1544371462982066,0.16081453969295378,1,10.383887371639453,0,29,0
2.0454758371662316,4.219411742114535,0.008744077396441535,0.02202555931026292,1,16.859740880115044,0,28,0
41.786128662102485,7.495953632194491,2.5403892723574004,11.276892980786052,14,93.34876195910596,1,1623,1
4.965383590646219,7.60329136738053,4.037787060743519,13.759805613612441,5,65.16622187942818,1,871,1
1.0878124679514196,3.953826139519233,-0.44035099335462935,0.05670275878209649,1,6.005962604640862,0,24,0
7.53457661975872,8.0,3.387544081267659,12.154809179030252,19,74.9594570759155,1,475,1
0.2801034706003931,4.07802430092646,-0.1142021605090336,0.10624963997907695,2,8.676188708535317,0,24,0
1.833297002891605,3.3775704017176356,-0.1582862035267032,0.03232848562240934,1,21.034746726456515,0,23,0
1.0005620274200928,4.689262925705575,0.009521251008119194,0.07619204193542535,1,1.0,0,26,0
1.3373829983310026,4.519308570949994,0.02676433384350983,0.10846785245268645,1,9.646910632814496,0,9,0
27.83054910127709,7.4196163633616425,1.2574922747997823,11.251194523566095,22,75.77658565997329,0,1156,1
4.284850073904675,3.23000464575341,-0.14104490508987716,0.045850987167974554,1,11.828688092785907,0,13,0
5.40875196022683,7.8635026922579225,3.3781694899761994,15.804465229209274,10,77.57794814293013,0,215,1
0.49335552631289803,4.1951614975949765,0.35232713859938164,0.10111622472291867,1,6.377297728567601,0,33,0
1.5163750566611374,3.831949117771752,-0.2292348119180676,0.03178594603267658,2,16.377116105917214,0,9,0
0.4370947350956697,3.1258059279880466,0.2911118263720704,0.022885793623154786,1,1.4712675472656773,0,37,0
1.1136540511081043,3.460978870841575,0.07570208173439161,0.014543754311778337,1,9.86930060734135,0,2,0
34.544040248346555,7.631315877964416,4.522712537483345,11.892641726731393,19,101.6999444514743,0,1553,1
34.1002456184204,8.0,2.990044415158458,7.615201905729912,24,76.72265332802431,0,128,1
17.801497330541682,8.0,1.0780772953612199,15.428521327010873,15,83.55563948560864,0,184,1
0.6542476860459044,4.474698097725646,0.3386621523003042,0.11237927216291078,2,10.198038925174556,0,13,0
0.19742921964788776,4.024097111175559,0.2139104547286984,0.1691422230317986,1,18.348134328694876,0,30,0
20.56752979159083,7.986312627376418,2.8350140773396295,7.808760726487079,22,28.95202302671143,0,1417,1
1.0677807052853294,3.269772416964507,0.44964863568384,0.07970693286829819,2,16.121251339217363,0,3,0
1.4514092217279326,4.426296194865077,0.27041245743953596,0.05103962977975742,1,9.988756480443488,0,28,0
1.083478370519878,4.137103848878466,-0.49359621867909026,0.023726761989225926,2,10.631831821290724,0,16,0
0.5370644151242082,4.112418318052001,0.23862171480030708,0.2603946924723257,4,17.939694239811253,0,36,0
0.45935779360293316,5.049804105560337,-0.12754499370783434,0.04708170510240871,1,7.6612122118964505,0,36,0
0.2297071341693589,2.9133940305472104,-0.23620041650554574,0.07346184550042265,3,18.962089085801846,0,16,0
28.57785745631473,7.695071030287632,3.534547314821039,12.643576816796248,17,54.639929475170234,0,1247,1
1.8804253107887963,4.498335349416629,0.1659695763727692,0.10147183654577996,1,9.563996016549046,0,18,0
0.49229795753681227,5.025058995663575,0.2249182534736079,0.06651749043917335,1,17.93192687619911,0,19,0
26.266188822268745,7.920536075165402,2.9900402944282463,9.154773280004491,6,73.34719015119983,1,1219,1
12.79180232433813,7.915602081232694,3.0906322896197858,9.642210725441231,16,49.82012531182554,0,865,1
1.9729747098008485,4.452858274715078,0.26652054203840964,0.07681820310722957,1,15.68467780318864,0,22,0
0.994823115714099,3.5873843308048134,-0.16444312605716294,0.044614726334274504,1,7.842809259167929,0,7,0
17.570328055393205,7.576998071397831,4.53601318354313,10.868094892077002,24,100.38480821688059,1,1079,1
1.103896814263825,2.0337992668939444,0.24616848958172738,0.04492368284294189,1,3.839672073494393,0,37,0
20.220174933601132,7.417577057289712,3.878046013986223,17.773200040519153,16,88.3586803363446,1,635,1
18.003093411028182,7.777788561940803,3.210733382694329,9.30420935294637,18,97.16448731894124,0,551,1
0.26762882510332214,4.596425975266465,-0.31304300933695495,0.038208988000060985,2,19.343590910811024,0,37,0
12.919163830274305,8.0,2.869379772108577,4.657852755896376,13,64.33571867923567,1,1093,1
37.24018466828335,7.794022774660291,2.3186127152439044,15.181950779819552,18,48.35493221628104,0,1530,1
0.5710733267318039,3.243965071880208,0.4550712091032484,0.03851733365729787,1,18.818823050202226,0,13,0
1.6061505126341737,3.8383691567852374,0.5213344033142031,0.061181632527228656,2,5.530690979302196,0,9,0
0.5786155699782961,2.232487819127405,0.17007345312407732,0.09412304856798523,1,17.639884908556922,0,28,0
1.2160176887667589,7.232853801016056,0.15016816566680768,0.051036128308843944,1,1.0,0,10,0
1.4511936823484515,6.871946824244404,0.23611070909398058,0.07286605806114257,1,17.10945792147711,0,18,0
35.60343437167274,7.856994134472754,3.9279383620500647,8.86565977006487,21,84.79571769290254,0,241,1
12.062567442172051,8.0,3.138534367438875,13.078671155949122,24,96.71995845763874,0,1669,1
36.292776191413566,7.592356179056736,3.1945563332248237,11.534380402155596,18,100.8297466090787,1,230,1
0.30319980052457196,3.80464844683396,-0.015404358897639733,0.14769659854206993,1,14.345643589685517,0,25,0
0.21276999898801874,3.6360519697494036,0.026849850294216566,0.02268001590516415,1,10.960896963622956,0,26,0
0.499511077794887,2.7373480388279594,0.03897068645194198,0.036557303904743224,1,2.8784035146320903,0,29,0
0.9304882285081609,3.992739997831575,0.4682987129417025,0.14603549085298587,2,8.65148189917996,0,17,0
4.046364690986207,3.2197848176311425,-0.36435981161837483,0.028336804938854782,2,6.975191903240803,0,27,0
0.29227783477379443,3.341702328369801,0.21862429775144937,0.13531493415986537,3,12.246578291599235,0,31,0
0.3848304688198704,3.7892225426678734,-0.07622676922316711,0.003867743940194554,1,11.387201650555792,0,26,0
0.31320613612667525,4.665553647792679,0.30511820444697374,0.014546245999661565,1,7.888496714777426,0,3,0
0.663316407302235,2.979024289003978,-0.2508250139300619,0.1461576282410376,4,8.502679671743792,0,3,0
26.315215905675263,7.192918825454864,2.6844597287776035,5.918149670116454,7,90.27677262776427,1,495,1
1.5206778800109981,2.7844838347075163,-0.13199128094263263,0.06732351257304472,1,10.297634973280333,0,28,0
23.559436590487827,7.526626805613411,2.820672646311837,9.063559795045034,24,104.76324109294191,1,283,1
1.6169310984244776,3.5947296558542607,0.3883661619131313,0.06397519257519363,1,7.9874897185347296,0,17,0
32.44321941012133,8.0,2.6229680289924207,4.234652647712579,17,103.58915112321532,0,602,1
0.5723474926580575,4.267602572895447,-0.23510817760965363,0.07251715661031463,2,14.613987398742012,0,22,0
0.12550760064489994,3.3715093292596703,0.06971770038424233,0.13729653974231426,1,13.526558744560324,0,16,0
0.5155320351420369,4.0152192545100265,-0.03382757906773061,0.0029923060732285818,2,1.0,0,8,0
1.4861452609994978,3.050969094074582,0.1996660485546738,0.032612084671486095,1,6.610983701087314,0,15,0
3.3805038307437245,3.163063436245004,0.1705344760824872,0.07808546128260486,1,6.121428313536154,0,15,0
2.225933450203228,5.63270713926301,-0.4239064254744414,0.15824609326474165,1,2.2166567865161753,0,35,0
1.1112924038602487,2.331430980767183,-0.12591686484111586,0.00458837048043139,1,7.111690912595211,0,37,0
0.1579523080266495,3.8030424608985496,0.30628207749642866,0.007523714343173416,3,11.057779856444222,0,19,0
8.87811306669224,7.626072715216707,1.9027380313621192,7.467326016511757,6,96.91514699605449,0,770,1
1.053834089255361,4.576753065101489,-0.6029407853773427,0.02674660331192174,1,13.70433942317922,0,16,0
0.6507512671513244,7.3225101430016455,-0.4204156199651454,0.04318799315673946,1,9.725389509907517,0,29,0
34.36190170210949,7.447598737587684,2.674134473287567,11.526339581135487,10,40.387049514375086,1,908,1
0.1789413305478007,4.3797790863154065,0.07984948172267312,0.006645756306387557,2,13.04280698926403,0,27,0
0.4535003046073938,1.886980455180681,0.07655708648593444,0.017607447264120044,1,14.768548997751113,0,15,0
0.826711718644593,4.014929141347018,0.3536712293671475,0.026646093973016913,3,11.624305088322465,0,21,0
28.19664398185393,7.846067009390695,2.6920507111648493,16.785190175372556,22,28.542712794372314,0,70,1
9.516014737005145,7.848633966847768,4.5789473926476925,12.746530626050955,5,49.50496665763516,1,918,1
1.1410263557595104,4.90296779701068,0.2724815588628362,0.06311909062825337,1,7.814301296345661,0,35,0
1.4632329672800193,3.2323421656374203,-0.4617786588914448,0.03431899707475213,2,1.0,0,25,0
32.056822245241555,7.888185058426002,2.1716642574614635,5.504778754110391,7,82.82055591917116,0,1054,1
8.262486933116971,7.604951264672443,3.279745751652274,11.053974498169907,13,80.18855737221855,0,443,1
21.293988298149703,8.0,2.2070743650766946,6.901554834559305,4,90.89316316101375,0,954,1
25.873766194774735,7.8057824730163885,4.20452085986431,12.024084543266767,7,64.88260357841685,1,297,1
2.3386503372372984,4.928840720847379,-0.010181777218946614,0.010540910247508533,2,11.073758791656426,0,22,0
0.2183058702017057,3.8703750568422643,-0.06259717623750179,0.05860306471432522,2,21.709154936634462,0,7,0
2.6670483492981782,2.4423220920109983,0.4673737956610148,0.21811002363483245,2,10.045617268497317,0,31,0
23.39634447962482,7.741751258672189,4.370914096389239,20.373582900199708,23,69.96450249807566,1,627,1
14.6267750417739,8.0,3.410819637835344,10.544353744690085,18,26.850554538872466,1,795,1
2.2883903344190597,3.465629196929084,0.20168601550686316,0.03998039318446371,1,10.981081886861048,0,10,0
29.794098104691614,7.6566890062346165,3.2817118126703964,17.100497618644575,13,85.50671322641404,1,219,1
2.7132356458815305,4.5763147118774805,0.6181421149201703,0.10359495180017873,1,10.487544204540159,0,32,0
1.4055614329940749,4.4233872274508865,0.3158412643523149,0.05105331077246076,1,11.089597449476955,0,19,0
1.1771873253329808,5.386708987881369,-0.18641841196397474,0.044564232344777896,1,18.839850687003057,0,6,0
21.315135608575034,7.563427377641282,1.617940895540621,6.640990985255976,5,59.078088144839164,0,663,1
0.052989350330739565,3.644534763663737,0.4271779583352002,0.058397756973983084,1,14.96508128568477,0,23,0
0.13987482230629308,4.126340014011428,0.10211852654623019,0.13774143696624547,3,13.661967122562753,0,17,0
0.6637562683978879,3.1468768111191663,0.3334612625813908,0.03090022253456422,1,14.251014084350814,0,23,0
25.87752623694727,7.734733839991846,2.4864227554349134,17.172712342112888,9,68.72205413393898,1,398,1
1.5341387713950192,1.9812029927077566,0.19115513658584854,0.0057228541552343925,3,17.998288819592645,0,36,0
0.29978195260713725,2.4989445168307327,-0.02468727651250198,0.19337349839281992,1,23.12046478739897,0,1,0
30.272879924028807,7.849099733828036,4.018805010591047,18.858216591044034,17,121.20100479427124,0,648,1
15.338630775848449,7.755314392680861,3.2282843084184614,11.359831193077252,10,49.31870281237178,0,1433,1
13.281251319836196,7.39535851844219,3.9434988530244834,19.33180210381502,20,69.69389225400174,0,560,1
1.1998849958551863,3.0972137307615437,0.4818360312312528,0.08297150822623113,1,10.918915011762785,0,36,0
3.0209091769512697,2.032678704729039,0.317846753427666,0.004037883241639163,1,2.3195048840850845,0,12,0
3.439378603728296,3.8123031850976843,0.37338966050454137,0.14059963265591752,1,9.594756262470154,0,36,0
33.29904536874161,8.0,0.8,14.077385318388535,23,64.90741415005233,0,532,1
28.59561440181988,7.719812676631202,2.6020559376536285,12.302507113561614,16,45.27647204866628,0,56,1
26.424013375229215,7.709336693234055,3.2558462139406954,18.452142949855485,8,35.64145705670093,1,275,1
8.04348038481571,7.946808290580896,2.0022716643242005,9.56802681132701,9,68.82704181276364,0,1546,1
4.0,7.982321762731427,3.4670736328803424,5.967942509468687,10,110.34424120728147,0,1207,1
0.3761002203409458,3.982861222014318,0.15339955029770969,0.15611759794085123,1,13.734132303632418,0,39,0
0.21490357967182067,7.321149895888871,0.4942104297604327,0.039027464909104366,1,10.079397141899499,0,10,0
1.8917882438068305,7.019916087933846,-0.013484891088250031,0.0016986391922637822,1,10.352386040877366,0,31,0
0.5364218869267963,4.610940592435091,-0.5583390738408852,0.1528696154042763,1,5.71049301768569,0,12,0
1.924598471438319,7.322420989364903,-0.05269193054471576,0.10105873329292436,2,8.235342987140994,0,36,0
1.3127937897752806,4.636717372396696,0.18132593500500688,0.07983824511884145,1,14.518264922152056,0,17,0
0.24757030145380035,4.740226486259239,-0.028660967180244593,0.20127021700994344,1,4.47717103739995,0,2,0
31.589140871963707,7.681570687375308,1.9869917223087419,4.114074800040338,18,39.76960504938717,0,842,1
1.7850139608696727,3.4908186261984206,-0.16334874009259398,0.035134906997590705,2,14.192225533291884,0,16,0
5.488919625964069,7.820566728630524,1.3524130216856887,12.685639183614022,12,54.837004188585965,0,638,1
17.040354421491056,7.9132443745114385,3.8797186990915153,14.184292687233071,13,89.24397299260448,1,1056,1
2.162000056984859,2.8041350094254742,-0.14206219669518655,0.018258958923476617,1,6.275673275372474,0,10,0
9.33113652463842,8.0,2.3963522286833046,14.728884323651318,12,76.61018806079855,1,1730,1
18.246962725407293,7.694816905912765,3.237575876031064,12.196791751243051,23,20.0,0,1087,1
14.768702678698585,7.7850490388065126,4.42585846123473,15.151725009984212,10,123.08783719008636,1,912,1
21.982298644235502,7.76934878258781,3.2464211805737335,6.687916563503101,15,91.77544512294425,1,1303,1
0.4901823609833928,2.8619267129178056,-0.18689022573545405,0.17399191340529757,1,4.93996902557962,0,18,0
19.539546118549904,7.7252014052584865,2.635886975395948,18.740894045918957,7,112.42200684627142,0,457,1
19.232153352780074,7.648556890478891,2.190918805845035,15.472846473542223,4,33.22132088011628,0,63,1
0.2542686319221545,3.8024673014600214,-0.37164264898983945,0.21138994193833932,1,16.865178693590096,0,1,0
3.3633720383497008,3.9980095332609635,-0.03461237361270644,0.04111661137174851,2,3.259911352055509,0,22,0
21.034776458081684,7.4069429565094005,1.7773699534934697,7.04473992750287,20,72.56722123246023,0,1083,1
23.66930786599932,8.0,3.883129409180497,19.375702970061145,8,84.94093754440698,1,318,1
0.6628997688389026,3.5070147685453907,0.2338166366182049,0.06399811692143972,1,14.336054365318422,0,27,0
0.06120298055903747,3.8120153812754314,0.7350110867738734,0.0035245200041937826,4,7.816145095805835,0,3,0
0.8097218532145011,2.9157173459577663,0.7764731397580433,0.05281291158099003,1,11.839492526555171,0,27,0
2.940170480099064,3.1863563947434583,0.47743248102343616,0.04571150939174822,1,8.484564235912945,0,9,0
1.6502305540499336,3.5953270904775265,-0.3946430603928005,0.010784548786434455,1,4.499558892174451,0,36,0
25.301320185454575,7.992140250629503,3.465673755537578,9.331178462094698,10,94.57889140032937,0,1726,1
1.1839774514290622,4.909805928842077,0.26294271382972917,0.14862859408661275,1,13.78223682527925,0,9,0
20.604123947063798,7.876607345250105,2.568939213268721,6.919972928836453,15,39.33376972974132,0,651,1
0.5201885901578258,2.51739162654724,0.37704972413095755,0.0042099309274146925,3,1.0,0,32,0
1.5163196408819792,3.3249278702026888,-0.055524077232305805,0.11158301264467788,1,20.632958276725336,0,33,0
1.4861264678106252,3.2023375365586864,0.12752206814743805,0.07238185911683048,1,13.35903211269173,0,19,0
25.039596461382395,7.591187548592796,4.689032246527679,12.556165908453545,5,124.5617612542232,0,64,1
24.083773992567046,7.743949467654916,2.536199631817725,10.961390366821222,24,76.1142402722318,0,1664,1
2.8589982497742636,3.7639785417369063,0.5505544727959574,0.006426339183889514,1,8.242251466874288,0,15,0
0.6586229474634955,4.536998147928276,-0.2930914117041285,0.08702024600817251,1,15.050913336884243,0,22,0
0.528823624652737,4.782176701711343,-0.38928771223982245,0.1083767502458095,1,1.0,0,7,0
0.13830183279997066,7.6498448405054305,0.11470375934842214,0.3004618617781971,1,1.7011009395333225,0,8,0
18.74665024769245,7.559080870142214,3.0074401137312057,10.407176305123107,23,66.72439164479799,1,1423,1
0.4760534869482199,7.453293473622319,0.38598483605181083,0.1415524931921406,3,12.051528831049096,0,4,0
0.973268311259521,3.6525146794263232,0.105705630866237,0.07269462433762706,1,15.129015153419115,0,3,0
0.30780085513390454,4.29479070436518,-0.15786611020710573,0.0537184328309014,2,17.452874468099814,0,12,0
3.7565365047197767,4.352189440304218,0.5405001507931261,0.04002192176200066,1,15.172648070153315,0,28,0
0.5445525442716425,7.0198652017762875,0.11536671919688406,0.08742772457775777,1,19.68129163630477,0,11,0
0.48039058208329266,7.371836609838416,0.47829861923425177,0.03158222420347246,1,21.59432709287213,0,36,0
1.596798890172302,3.101656258608347,0.40160751819427165,0.036110925586506075,1,5.723525904880484,0,6,0
0.4759192047501533,3.448329031174581,-0.022268344811896462,0.13292635266688335,1,10.966019059652604,0,3,0
21.046205149872765,7.767543001863553,3.2539219133821353,13.220994638470284,18,79.39008874510925,0,875,1
44.88909254106947,7.701384388784159,3.2904076554069035,4.993989184718597,13,74.66241888517558,0,82,1
1.2126446162178217,3.4558746915265304,0.14876559260064942,0.03781516302063253,1,9.455377106495405,0,5,0
20.781616172046824,7.606419021418158,4.001234478320481,8.94857823121378,4,69.59996446067217,0,1601,1
1.81819609911975,4.217794944998408,0.7182965283027228,0.028313294645133626,2,24.68648900585276,0,17,0
1.9363330488114945,4.21203413862095,0.4698733277150699,0.04343619992060722,1,7.188544773300255,0,27,0
3.1488860547488233,3.9923769994641654,-0.20009145296480457,0.11951225323850176,1,4.994089307301444,0,4,0
29.65298249388393,7.760472579440653,4.187686848274923,6.4459590043310335,19,105.32947970978975,0,1333,1
28.03249701784899,7.841224331750478,2.137247674707078,14.348391705201184,7,116.93001274915241,0,1489,1
1.5950753070923254,4.9555363105229535,-0.25458967823102885,0.08590751137103098,1,12.712074504406147,0,31,0
24.20787594329978,7.575875795374823,3.4157931562243786,16.356396011389776,20,105.08945136333651,0,313,1
35.82041634096545,7.867782223515085,2.6695484646346017,12.226681176286688,8,73.40305417921633,0,157,1
21.631508767004277,7.967957402840834,2.5259242124569594,16.596112251993176,4,62.99463914669001,1,670,1
0.5749764053413874,4.1251819817907345,-0.15678598455753168,0.016504862143463642,1,1.0,0,29,0
1.5633217494956113,4.310814288475588,0.746449275668145,0.0020540331802222193,4,15.855940391129256,0,14,0
33.25790509414211,7.973676256422116,3.3976774279553132,12.433592992352839,22,54.10324360954235,1,1652,1
0.7452824791082132,3.6403770613364728,-0.3337408701529905,0.008251942293470368,1,7.532636757641825,0,1,0
22.128967179685237,7.535388954075215,3.1546400444608804,11.43087801282889,16,36.91005473329583,0,416,1
0.5055661808307746,3.609843900248287,0.002819694972476562,0.1194158252445007,1,17.470990671080223,0,18,0
2.0149714265963437,3.0845200698596775,-0.17779145397048712,0.12299316818013781,2,17.950502072679335,0,33,0
1.7659264104631582,3.211356867965736,0.4855743266073702,0.01639255336888164,1,14.67062552899624,0,24,0
20.135224631702805,7.8321347946549595,3.0430722917730604,13.2006038049447,13,90.45171234825105,0,1264,1
0.735625840160938,3.7949187545817047,-0.0807817273924596,0.26067324996007046,2,13.248330190944325,0,1,0
16.874520052019193,8.0,3.0241182173275662,5.175747677607595,14,55.075333279653066,0,1552,1
1.8262038834598195,3.269828982509656,-0.023133954328404926,0.03030940750592598,1,6.6232171921649226,0,38,0
0.8927100632713201,4.464681859423493,-0.11659601083522865,0.020595877450404226,1,2.5565147280335943,0,31,0
1.9159038614488217,4.127406710077794,0.33206157999173913,0.05554451897263152,1,8.396933890889017,0,18,0
0.44164300956040486,3.8856339056629707,-0.14361726420221033,0.06885279430116553,1,12.331575575274107,0,31,0
2.136662507857764,4.367713032404645,-0.06395557500359267,0.07335355637823289,3,8.477075045812777,0,6,0
2.0856875689441097,7.282648849890211,0.33312365279765394,0.11299499887593757,1,15.257240088622027,0,30,0
0.9097590519148174,7.302866411968831,0.2154320696268497,0.04348645841087476,2,10.414071067558924,0,29,0
18.06497046360277,7.967490710138833,2.745189597019733,15.230902913420191,4,100.80973495315992,0,1210,1
26.300682456350444,7.792712239937849,4.2368348284823565,16.491325781996512,23,103.73718410025921,0,1600,1
2.87889476944385,3.971123094561185,0.04617175704433155,0.27355996484203265,2,16.08230243054203,0,13,0
26.331552795117897,7.451313852793055,1.8664094996784613,17.663500597058437,21,69.30268603085415,1,1576,1
0.5147200842598914,7.341354955966883,-0.12302401824985089,0.002803042694554724,1,17.239098844671638,0,28,0
18.76790855492162,7.408889681820079,2.1704098988089653,11.228184041600931,17,85.85659124805179,0,1413,1
1.4676828766063215,4.425746086364608,-0.08029536949995968,0.3467866867456315,1,20.73797083187751,0,25,0
1.421756976392846,3.606868471663835,-0.07786758355436472,0.3247469596167458,2,18.545800047116515,0,32,0
0.2912513887279852,2.705036365152265,-0.13151279266060312,0.014672158993150297,1,7.51891044604749,0,13,0
2.1436306295671,4.716311350837882,0.05744815298642218,0.04291139551483378,1,7.2751481706734715,0,20,0
21.945980758758882,7.880017781616329,2.3565639579491098,8.476959235541116,19,90.37403080116937,1,1338,1
1.0986549066745723,7.262991855467839,-0.27472443817126635,0.06183813057544403,1,7.768907855847427,0,29,0
23.7671812486511,7.8105255263059625,1.9206817815591273,16.35735723726677,15,86.99849352870697,1,838,1
0.13063350243592806,3.632437947480739,0.25378556714731626,0.15708662497233764,3,8.854303542540727,0,7,0
2.7398688178943886,3.243462897721438,-0.07556807763330135,0.11489747472671115,1,15.520784267908358,0,38,0
1.0013012316845697,1.0228560864492935,-0.42095419003673806,0.003204537297687392,1,10.386502831813191,0,1,0
3.668178367273361,7.205429715530071,-0.01921916564696502,0.22497208468462454,1,2.0617168371538455,0,17,0
26.577005740867122,7.443731877208366,3.2654689958275096,15.847225890042479,15,68.85011654110748,1,356,1
25.731566406718446,7.625853250679489,2.2735735790102263,6.410061548678227,6,77.86190147046948,1,248,1
8.39859189904941,7.769771889002204,2.448130745847358,13.25007951910888,24,49.86712185006911,1,1381,1
1.1954879496785564,2.6698652654631783,-0.35798505660103264,0.05326959352509582,2,7.58730647764774,0,38,0
0.42076100104258285,4.216774532459863,-0.2445991811133032,0.0032593042023879104,1,24.216937118153048,0,21,0
0.49935690207653843,7.336849582788821,-0.07554632056712161,0.12795822839925847,2,9.199525136549722,0,7,0
10.664508732194783,7.972654462547879,2.223609101351294,6.715537332691952,5,20.0,0,226,1
26.009370115909345,8.0,3.0241023135864045,13.143487141480463,24,123.82649238849741,0,325,1
0.910609677968775,4.467386132592129,0.3766313569104719,0.06908822782246561,4,17.36806285462879,0,16,0
1.7513164408057311,3.113240047700251,-0.24263744855786012,0.02207769591524977,2,1.0,0,3,0
1.618092580778004,2.57898320262223,0.28707583259024766,0.052715311795702505,2,13.291324397701308,0,7,0
26.138698357469124,7.599748881261065,1.3724216863465069,12.916379024849459,15,81.1817863027189,0,1463,1
1.405328106886218,4.222454694196988,-0.3052271822083746,0.10938673734497707,1,9.37675531831269,0,22,0
18.419222475868693,7.598303680175038,3.877429613968074,11.756273459410863,21,65.00573721392357,0,83,1
0.6521621908008617,7.641002829441406,-0.7396874771618793,0.018766432743675395,1,18.433180295630926,0,15,0
0.06761679027031237,3.3350831636399865,-0.3100017839271439,0.10713080978980033,1,10.496637788287853,0,28,0
0.6813503708169528,7.558073624438934,-0.004447993082642446,0.020472923672266736,2,19.91170755731684,0,19,0
1.4859083535720583,4.646565637555126,-0.06086778707747649,0.05383398197547163,1,10.682129906797474,0,7,0
0.11943216744619436,4.510930202840768,-0.44770228371763654,0.19004856599222222,1,14.933563437834174,0,31,0
27.83449453230623,7.682626758991893,3.4864389838041845,11.219188852683327,9,128.90874079323248,0,1250,1
14.43176138919231,7.679463020200884,0.8,11.289500165426716,22,39.50307089322678,1,868,1
34.58879711386068,7.6926015628418005,4.451299865178955,7.564734714853818,17,36.920688395653805,0,1415,1
1.0430490789328135,2.8222305530616625,0.2367197768885847,0.07379862314377529,1,15.250425885697139,0,18,0
11.59438584196685,8.0,4.1860274002468785,9.09577081345116,5,65.4826344051227,0,1293,1
2.69818676507027,2.8916312850414956,0.12339965471907842,0.019034778482695566,1,15.712355028626796,0,32,0
23.90208931675914,7.424053366950761,2.9818610461522335,7.4722661296226685,24,64.12153130094914,0,186,1
21.94181924000235,7.4652012300607975,4.278448432980173,14.020442448332297,13,100.67651067182544,0,211,1
7.612688629137482,7.363675204564625,2.871991278545953,13.845454084320373,16,51.17398841587875,0,1528,1
0.3200666752885765,4.033489409600012,0.2046951022382607,0.016778293997066845,1,9.977655083732248,0,9,0
0.7809145682175502,3.8619789749897837,0.14615966596122076,0.0083839355358527,1,17.68850632461654,0,24,0
0.8039693996848357,3.6939866563664827,-0.39777967354849575,0.003178960528977425,2,23.008920867520217,0,38,0
0.2518827276506078,4.456444335205099,0.12831191185100715,0.15047224637002773,2,11.179218571455955,0,18,0
0.7452702686664365,4.408723794525526,0.3854667846616641,0.003993631476633541,1,15.683198076844683,0,34,0
0.5835975874794525,3.9629376679144785,0.09620732291614503,0.062343497531140865,1,7.206476064487411,0,9,0
5.0,5.66659552342824,0.7287173991848132,0.05634001398046269,1,20.21177773258277,0,11,0
29.34425174943989,7.353751275889244,3.606887559605619,11.557868370052846,11,55.10705841198471,0,299,1
24.695474641152416,7.753593901443774,3.3377305256369496,17.116159665837017,6,89.34417774754752,1,1662,1
18.805742855315984,7.713017456224762,3.0447535690422893,13.485842753270038,18,78.09767041302678,1,421,1
0.8407213096793955,2.3314738937103705,0.5292391790976566,0.017714762388081697,1,21.529764912329668,0,32,0
13.796290603910771,7.767956992883827,2.57265976877652,9.305372513587233,18,67.46050480522237,0,527,1
0.5891981985347923,3.557070780900803,-0.05317274950491023,0.08879837235566905,3,19.25359283821542,0,7,0
22.199770098967992,7.725261362097643,1.2496189446268184,12.559573693881273,8,55.50483310655999,0,377,1
24.386168836807904,7.922774331910401,1.339132501320485,9.797259493936641,23,47.33167530676373,1,1509,1
0.7549054145733911,7.381575356475064,0.01918443578838467,0.04434120260157122,3,11.360825368835501,0,16,0
2.1060907379322287,3.344493039881498,-0.08864413429623004,0.10162188723994467,1,11.374572123011793,0,12,0
1.6736664746589704,7.098437220252514,-0.21471319862000104,0.040037705415922956,1,13.712396260330122,0,30,0
1.544665247725926,7.332982028685311,-0.10410387548764548,0.019751029206680887,1,12.183218969972105,0,8,0
1.247213880571441,4.70689877748724,-0.5890944845696705,0.045018164364894704,1,12.869695441232755,0,25,0
1.3998262181575973,7.334963553761756,-0.1564682542530147,0.056197202654724956,1,12.771772143926562,0,23,0
1.4213328217808225,2.855765648328085,-0.6375023827824645,0.03002431099192338,1,9.995471047347994,0,24,0
0.8369259062667611,5.246300927039352,-0.01788229015492876,0.006389116589049969,1,10.475073883980903,0,10,0
0.5994318417534846,3.7807777135355165,-0.1652326533519175,0.0045030033334425585,3,11.06670318822404,0,17,0
0.1065205265916161,3.3261867753399077,-0.0441557912451879,0.08057257501576286,1,14.157215661107214,0,1,0
0.7560925365119018,3.8303603490323566,-0.3504915009870978,0.0515622573965977,1,14.525781162764423,0,21,0
2.836975307364235,3.426317274567379,0.45763282297555,0.09498318456915779,1,7.867585692296832,0,36,0
1.1014140940183073,3.656631620299689,0.226891495700849,0.045044751756372625,1,6.934029307262975,0,19,0
0.44863229605606647,3.3926438076116288,0.17460092022875917,0.16591324091561563,2,5.1716500880683975,0,1,0
1.31759240906774,6.892893831436425,-0.07655600320145749,0.2120619585604644,1,1.0,0,30,0
0.6076349971242034,2.3445536570682206,-0.08353344871705033,0.04157926780930736,1,7.365510053936472,0,30,0
1.0725683678599354,3.984007619010269,-0.15914902251843815,0.026907890259854638,2,6.239227568110305,0,3,0
0.3936723092695304,7.270782635693664,-0.4825588949214343,0.1589983740986072,1,12.610506304629832,0,3,0
1.2881220846594958,7.102438233082395,0.09607559842174959,0.30918001760564184,1,10.693886042993228,0,2,0
1.7455144079268152,1.9784070339735589,-0.004859726523796626,0.012064656928943962,3,13.129399636206804,0,24,0
17.315025318674177,7.538286344348696,3.022766849682289,10.137188661363702,10,66.89557847398397,0,920,1
0.19675909057322905,2.4652387584711617,-0.166675457781023,0.009019784603903791,3,10.597769929749248,0,1,0
1.0105892747935366,3.717581438882227,0.3128957967320477,0.09054353475290793,1,9.471133516165361,0,16,0
20.693536359987945,7.73379523265224,3.4745004906887558,15.116750308003216,14,39.775981330199016,0,629,1
0.2157975059360016,3.6394006691577085,0.5776717456197894,0.10824922851921663,1,12.14879180777164,0,22,0
0.43159957210945943,7.419971859967129,0.2507904605008938,0.006951287425174841,1,5.36115266331659,0,23,0
20.881608647914003,7.690373884146831,3.292809650697251,9.893500212077743,14,55.06404707324752,0,496,1
23.928002027177964,7.9225752347799485,3.868199814782261,11.289491849506804,20,84.811400461763,0,1207,1
1.3029526516728023,7.4282373324822135,0.2288020462019112,0.03612959525722483,1,16.472683692341597,0,26,0
1.0484620663713922,3.9301955318771165,0.2052256022045837,0.11411054951145648,3,18.552617766116,0,21,0
24.995884620730287,7.629204022678556,2.3204860801567153,15.124315924861094,10,91.50857636406704,1,282,1
1.1552496580183556,4.812503628468505,-0.05938065623648463,0.10511807139705076,2,8.806965262539325,0,6,0
3.151795603173836,3.896605444951574,0.6532128690234861,0.31815725886256174,1,10.217656752763544,0,30,0
17.269588426427696,7.965743810160603,2.414315064784526,13.9170003835869,20,82.00589865006236,0,629,1
23.67978097219705,7.718835788885237,3.672776716251936,16.894896170018885,19,106.07067233317069,1,716,1
6.1280265348243645,7.818006921841148,4.076711032366338,13.451877169586671,4,66.37542095107331,1,637,1
36.634637308218224,7.582061667927751,2.8242427338364715,12.993039185961917,14,28.926577343808106,0,785,1
0.6149971522278279,3.9006775756954855,0.15870694060544593,0.3061435085171521,1,6.8545945551231355,0,38,0
0.703205616035537,7.409775768763791,-0.13101407933212394,0.017122455632803166,1,14.94108910494445,0,3,0
1.1487516089299945,3.873491796518795,0.26625618016259883,0.03542984114822082,1,13.188789906815252,0,31,0
0.7009625554501833,3.740099249434808,-0.04544310375336119,0.13085203728173675,1,19.805649078190193,0,19,0
0.07594640779010386,5.25067516158622,-0.08214412974313597,0.002971389381580109,1,9.132885623788951,0,27,0
1.5705780413338415,3.204172634618778,0.07617169377268901,0.08298690655097306,1,13.715321803540753,0,10,0
1.9619614077011904,3.3458353726250514,-0.2986174251006209,0.09886152501896879,1,9.295925901013604,0,29,0
2.460696084830919,2.998022454715284,0.47441288309715973,0.006227915565430582,1,14.389325708521762,0,24,0
0.2595099225964651,3.5772870633512173,0.396940530367231,0.021193149344523536,1,14.662435747618833,0,39,0
0.8502317272388278,5.550119899640015,0.28553012157326374,0.20835962978100891,1,15.95819861958479,0,38,0
1.6130567928137265,6.945299133210077,0.28675463577316995,0.005273626832572541,2,12.736392969829637,0,13,0
0.3203438414793429,6.97890698205619,-0.13170506297779155,0.19159927754074418,1,10.221507338071468,0,16,0
0.74150486340434,3.4072500401029076,-0.002151819777352869,0.019943711973635293,2,17.776081409317793,0,33,0
16.317340078280868,7.762217234519663,3.081417630627399,12.959741110899703,16,54.77590267685499,1,80,1
1.4153925655138053,4.7308070143639895,0.2756198862111938,0.07535082410585589,1,19.852300073533694,0,17,0
0.47950233422668864,4.805647965351274,0.5795532431013961,0.008159576771054491,1,1.0,0,37,0
12.03972432598914,8.0,2.1702681706752296,10.923457793635029,15,79.52177778706081,1,1482,1
0.9293961476980478,4.476481211573561,-0.19670395883542163,0.10454242297746022,3,4.50066413256574,0,33,0
2.5046410275426183,7.096350071134355,0.5367563706570398,0.03788261608262993,1,3.7701321362767004,0,32,0
1.247202033764842,2.902895489540172,0.23509095563455695,0.12201723146703566,1,6.605924667694193,0,26,0
0.7551225590140894,3.985724759793628,-0.3464341681569137,0.04409988804498083,4,12.023849739103095,0,25,0
10.948538779757616,7.291211683030696,3.1744941391701857,12.431942066744122,7,83.11953985275287,1,341,1
25.93791571571884,7.6101393121794985,3.374388120780339,13.979000450140802,10,23.378368057908958,1,558,1
12.463789264134515,7.848381803485448,3.5212730876557408,12.983774875327352,7,27.925413833206832,1,796,1
19.258347571093893,7.753915352418034,2.0276802689418165,14.04692385707963,18,99.86036320518961,0,1192,1
1.8828085035720428,4.20953927282342,0.37604994403837255,0.01189162964430738,2,6.948037321430395,0,29,0
1.652343840579902,3.715575958398154,0.2962745655276113,0.17706230876824036,3,7.758571325174417,0,1,0
26.11238512549174,7.774808361554404,5.19644029380878,8.687891283249364,21,99.38001354211914,0,1026,1
3.0153814512288726,4.137347574611556,0.25887397288624175,0.0403346144819829,4,19.196020685569508,0,22,0
16.51907216285816,7.595016693254546,2.13546604792614,14.703007526036815,12,54.24823762176908,0,178,1
0.9446133920583434,3.8664979725253437,-0.3823703360011017,0.02421417460913903,1,18.202832256051746,0,5,0
0.32231244489173133,3.0308093042755697,0.5736357816989459,0.05004451590592218,1,6.853566715277999,0,26,0
9.901616066528035,7.6772212420982155,2.7366874704503092,16.3817979380358,11,36.85843976782895,1,1440,1
0.09107622928857473,3.65630079981181,0.53294354490902,0.08077019964122753,2,11.851003993777473,0,26,0
2.5347243234212797,2.697839381506518,0.38340943812711714,0.21595055719634362,1,1.0428849034997363,0,24,0
1.2492468084007027,3.9831859400488625,0.023839541147441766,0.1581034722730243,2,18.3671656576595,0,26,0
0.6236648355170106,4.732644815366708,0.606856757021291,0.03373873289179681,1,6.047738635337197,0,7,0
1.9018973214081587,3.6814216979265835,-0.24797965760948387,0.10760274545548497,1,8.061420218315249,0,18,0
0.9201665176069002,4.5408499022495725,0.17241933221212036,0.057845997600629064,1,17.82060656407592,0,32,0
1.3256151759262265,3.969453663179582,-0.12050530792599713,0.20275269736887733,1,9.90741321180215,0,9,0
0.31904616733334523,4.640088476887131,-0.2822985143540174,0.0645002135589742,1,15.138237797781347,0,17,0
0.5016771262379845,3.712184396947086,-0.24319830116323937,0.04172619565015044,2,20.93036806614857,0,15,0
0.1484003178115776,3.7332925797805654,0.4125036249040614,0.0046293393236661335,2,12.46057770198433,0,29,0
3.627004075822253,7.206639376261494,0.20172692498139483,0.051443284306172496,1,11.847916351497453,0,34,0
21.70947253267264,7.7808688465284686,2.1897067185460255,11.9718363658772,16,72.44984299681846,0,1143,1
0.42178247158342547,3.9715606671773127,0.22203974230705825,0.035059544566359256,3,16.986719987963426,0,31,0
1.8342708528417928,4.092100329586408,0.2786175887031083,0.017773490719753447,1,6.117182790468614,0,19,0
0.17047370428373293,4.680478085409048,0.060865714216824844,0.06363006003601253,1,12.004251766083131,0,30,0
4.773791423650938,7.886068515597265,3.184027976823446,19.220357401831563,15,66.60553455648945,1,583,1
21.722675442099145,7.2542723761744154,4.669906564867947,7.541106976179966,8,86.1242078844044,0,1099,1
18.6223205950576,7.824888244890366,3.919920153519548,10.369091930925526,21,47.9495553739516,1,733,1
0.5904833012902847,3.5842251747541307,0.04043382306286732,0.0008618495938873098,1,7.954258244490706,0,32,0
28.39689300844995,7.683966066411812,3.469795012041923,9.476002576424127,18,64.11879507487079,1,274,1
18.75127096886749,7.563022661457326,3.887094363250529,14.598437760394248,6,50.69594455141687,1,555,1
0.6956073297371395,4.5587570798892285,-0.2709246408654753,0.11343157396589866,1,21.718879405453933,0,7,0
0.3350757045842932,3.04200629202098,0.25787435704792555,0.13668289968835023,1,8.97922593659365,0,39,0
0.38516118899506,5.313110279640271,-0.3650511914955711,0.1557221520636889,2,9.001677003481245,0,33,0
21.23621884571121,7.9167274793607385,3.0131740893712644,8.887274086498001,12,88.42018673062259,0,1304,1
0.5358036625802312,4.569137348294034,-0.26231388656595633,0.05162108411376666,3,8.098105920827443,0,32,0
1.1843322501170839,4.131758822984709,0.025647626877570846,0.03685322222294083,1,6.711450562995881,0,37,0
1.1308236340729865,4.9792448419904645,0.01593211346806104,0.02719492534663076,3,24.258154811093934,0,19,0
24.77358102801331,7.641713670985148,2.469666616713946,13.350450370220742,8,96.56886479881717,1,1755,1
0.8119845019618772,4.419305169295492,0.6177675855423002,0.0653466212633484,2,15.883996113080872,0,28,0
0.9206729840747019,3.991661232290567,-1.1136645019688836,0.011815064865752564,1,12.19499917732717,0,9,0
4.0,7.969308559195043,5.181251641059141,14.985532323934258,6,101.9531348948693,1,404,1
26.61798697900424,7.493811840000131,2.543329719198358,10.355673529286065,20,78.24995564503988,1,605,1
2.3100674367931537,2.4360971566941405,0.3477266837237878,0.09422557141806583,1,10.896784201100276,0,39,0
0.44214287525790824,3.5629860451928943,0.2380124496690162,0.06856507107833977,1,11.581479424627213,0,28,0
3.4549970550284366,7.383534739696757,0.5327069058691242,0.0966110510407545,1,1.1800964778676857,0,17,0
2.137737462604188,3.401310086246043,-0.015370169968351999,0.032682176068702815,1,14.285717014160477,0,20,0
25.401065973709773,7.999477058394932,3.840970926652949,10.960953378849295,9,47.545340405546256,0,892,1
1.6954579123647233,2.669971389263197,0.02736636450336266,0.01354673374912478,1,20.228848692845535,0,26,0
0.06176587014953525,3.9538343825135165,0.026102832076231677,0.1273437788624892,2,10.438947901226435,0,8,0
1.7026126017583334,7.303161508822368,-0.6588963291621678,0.016271663458553028,1,10.083059576563986,0,17,0
0.925475773801046,3.404175243386493,-0.5060864663620773,0.0689466811589634,1,19.301813176087926,0,33,0
0.12941704990984962,7.743840254392356,-0.1418582245892362,0.011055608358201217,1,16.5293949992993,0,18,0
18.081264463948752,7.880568306864231,3.766673842723031,14.006558729043434,15,81.47326070564225,0,898,1
20.512916511416826,7.080489880702482,3.111497292026751,6.615437109679178,5,69.5872345475158,1,708,1
10.533408572954524,7.3681887299297735,1.8295569411885453,13.244060297512766,11,80.47678906344171,1,1793,1
0.1323387336700994,3.649972703956101,0.45455977946744497,0.45300300028843565,1,3.644107453300478,0,7,0
0.22259775041377364,4.053583534218725,0.03151019839883083,0.16935585418763985,1,9.579373808271852,0,11,0
0.8320346140342075,7.40656666015936,-0.2409447708833088,0.004818904692714442,1,10.110748007621524,0,2,0
0.6817836419030725,4.400469483068621,-0.3344927942822382,0.01382805309389225,1,16.72209941784535,0,23,0
0.3963344847992567,3.7381020869337815,0.16762490877398417,0.03474955387145624,2,2.3428741015141235,0,3,0
26.05136619997625,7.6864419572175375,3.241875619340338,13.122549467130748,22,101.25798880690888,0,950,1
0.39687775937763625,4.85571559558184,0.05017502276177034,0.20474814940205657,3,24.813756607039384,0,18,0
19.132355945305513,7.650209775254816,4.062678765168753,9.297775362612843,12,67.9310168092658,1,447,1
19.85361458353556,7.90089513995414,1.9258060882497587,16.55487227142439,14,101.13650601205632,0,404,1
1.3749148513214973,5.081802580485528,0.4100290328095614,0.027283086512958007,1,13.545449825335169,0,21,0
2.378531943524298,7.201510785133896,-0.272083485421732,0.028644508341069814,1,15.491243740939229,0,10,0
1.510323808183862,4.44269203905693,0.37106030647557137,0.010345211868070824,2,16.032209673932652,0,20,0
26.659015567622014,7.606950296236482,2.298540321058642,8.847913524897377,10,75.81934093889454,0,537,1
21.0766375903807,7.65074449338206,5.024065710635917,13.55369157725146,10,90.13784127810413,1,1097,1
19.791911506268153,7.425246329590085,2.30009423697671,19.04668092854751,11,88.96738207304548,1,1246,1
0.5838040158148022,4.4048426576629165,-0.3030324004083899,0.03205682842843257,1,16.40400230888135,0,13,0
24.324540684709262,7.499679281507051,3.658125518661178,10.73317022290292,22,98.84400639528384,0,1397,1
22.234151871238613,7.584839949982437,4.32525822164711,16.644830687032112,19,99.88537976123686,0,100,1
17.77428788120174,7.589627564632384,2.8175577892362287,5.106787518722922,11,88.56059923830254,1,1013,1
1.260247415722538,3.2805349504636845,0.07342050348307902,0.06638939775013779,2,9.52967051306645,0,23,0
1.2658891542129012,3.0382569546085203,0.23078104953926848,0.00567163521009721,1,15.718133529672674,0,13,0
15.109095576403615,7.641809219304053,4.172648448998288,12.280499729859377,5,90.639782562664,1,1196,1
3.2529540934514274,4.447886273309621,0.10335216840596503,0.007141742469221497,2,11.78387378547336,0,4,0
14.606248288159877,7.774694462901708,2.6169385564345156,14.617495837574472,24,50.02659059386022,1,1314,1
38.7898588324034,7.5462126659214706,3.0737452699783687,15.504852297089386,21,91.46579881976274,1,1088,1
1.3278179126386833,2.7466009225423544,0.43847535855811753,0.1284189284655334,1,5.956500849264231,0,9,0
0.3635090454202138,2.5803829707046604,-0.1363092930754265,0.008910410213052783,1,9.331985593806571,0,6,0
1.9865602935546716,7.4135883486150265,-0.36119445793402777,0.05057274563387975,1,15.379190420803873,0,19,0
45.83243971041111,7.570666701133324,4.022833590314711,10.39896743621131,23,62.51880963763362,0,90,1
3.017890828288198,2.882668228383277,0.6244058386820507,0.09377799726362634,1,7.018699686646366,0,16,0
0.7100894080313795,3.0284765963106457,0.5232099666632501,0.2504177133127081,1,12.518581134525254,0,34,0
0.5801475998498168,3.084533901529264,0.292133437641805,0.025045199770186218,1,10.131912677323815,0,36,0
16.234128102596554,7.646530685412144,2.016703894352492,16.21107575844634,16,45.70421748818687,1,291,1
0.24079680121713634,3.280868894982001,-0.5271617023722571,0.04940364656106974,3,21.48878234089997,0,17,0
8.167206580543596,7.937173765843968,5.642257799776098,10.300292657772161,20,61.18267615541257,0,1505,1
0.2176912103298967,3.5183895401172207,-0.12632635443637785,0.0005188273786704241,1,13.741479394002194,0,21,0
15.678638953132138,8.0,3.3103047189450727,16.619564570541574,5,84.16515617534512,0,765,1
1.804499267561421,4.523138200589485,-0.4641232122845677,0.24357153964119263,1,16.833563009971055,0,16,0
21.63598515695771,7.69114387748773,2.757362458565453,15.108329033861024,20,80.67572150972363,1,784,1
29.946676012862145,7.79859127042627,2.5081535655334712,9.22173221854492,13,73.36474416011515,1,148,1
0.06411417534475979,4.217036232476605,-0.6800355506231509,0.23345858405874306,2,13.02905728916906,0,17,0
0.9745531982759483,2.4049215066936815,-0.14444927178177486,0.06335706073649214,1,6.09326702121542,0,10,0
0.3990720878116971,7.040566275623025,0.1322422561856864,0.05070077857419412,4,13.681233246301167,0,29,0
5.0,3.6693433541728813,-0.21524966860205663,0.010042562060909874,1,5.497587780359003,0,28,0
0.26850805904647074,3.9466401696839943,-0.1341568237416212,0.23313174381229484,1,26.034773709413464,0,33,0
1.4092064716211135,3.511286864460314,-0.2322269439977055,7.550884511223336e-05,1,1.0,0,21,0
0.10627773457568104,3.2990479742227468,-0.3365439471290546,0.03291832552339431,3,7.106983788778675,0,27,0
29.027628583987518,7.498396017746733,3.6944865566921874,8.123397069042694,18,95.75403430865761,0,983,1
21.065888017747387,7.746952390699983,5.280133104448591,16.993872157691037,21,68.75265660469884,0,585,1
1.940246598543255,3.6769391782413066,-0.1868347811368048,0.15095866910691208,1,8.194720837886836,0,18,0
13.488051067475572,7.723186950072725,3.8212303362105233,10.102212034022084,6,71.9744742247609,0,649,1
3.6925247756825805,7.070892356400216,0.24585197152866345,0.04086378570579649,2,1.0,0,4,0
0.7973311629787654,3.766655358088085,-0.12984351589497012,0.039835093925891435,1,15.221854181662447,0,36,0
0.9831452407083211,5.0108783797222225,0.4241358373462983,0.11639873475514957,1,13.346503247664696,0,16,0
10.607020706736497,7.946784707448891,3.0023581151969836,18.824877232101578,12,20.062474868449257,0,1348,1
1.899107281521963,2.8079517660235322,0.24226047559538,0.015952711848501885,2,19.759555661580904,0,33,0
1.1658355158287947,2.86398587952087,0.562559009293555,0.033597136641813276,1,1.0,0,9,0
18.754492961549975,8.0,2.422888486530446,15.243446864132899,21,50.06837605078961,0,309,1
0.7522742032961408,3.9578618100761687,0.04995829800431728,0.19516481016788562,1,13.102796237960579,0,23,0
31.501129114871254,7.406976009061061,1.254563480085317,9.828529620989851,11,65.50938758307916,0,1743,1
0.6713075936221929,2.4020375322439476,-0.22730443727143712,0.04865296231618405,1,14.917011587799003,0,15,0
1.79031445348767,3.732088145198117,-0.06473823421994389,0.004070283767261471,1,12.373559137975993,0,24,0
0.22603624790297738,3.134164893505462,0.1028886530496826,0.16945618781564467,1,10.456841732361413,0,38,0
27.688362435178902,7.469560802848791,1.6463886943891402,3.0988163888928977,23,106.85680646835925,0,506,1
2.4229689605443876,4.799824561122885,0.45776123669380997,0.145352654517722,3,24.108464296306924,0,35,0
25.50934370046608,7.631711236092112,3.639751786774812,15.683263463519982,15,104.77932612350239,1,254,1
13.162189559218602,7.847143168270799,2.8205522732199926,4.34667099940428,7,119.68099911511672,0,737,1
31.460754872559114,7.493072080922451,2.7793525322340846,15.152196337268279,23,70.57079712213095,0,1017,1
2.1361782870607517,7.351914712296044,-0.207095333902915,0.17741547753614145,3,13.545198918773908,0,37,0
16.208734486765813,8.0,3.0372499540410334,15.28972924709047,21,91.94924927241321,0,701,1
1.4850390663345847,3.9532167710927717,0.1765047129315639,0.08298004547905358,1,19.236710608645698,0,22,0
0.12956640755435922,7.384993223249509,0.47292173615074706,0.15982377295728012,1,9.780537183257117,0,2,0
2.4799561902566554,4.16334653375187,0.5551513437711798,0.016441675126977796,2,8.53431469281058,0,37,0
27.215071583495742,7.660889619297615,3.2337709354338737,15.874727566524886,21,78.92864459256336,0,1075,1
2.5172462581591133,3.6760603185309786,-0.2869404612377836,0.002899120232919359,1,19.92450076695696,0,33,0
0.29032834830024334,7.62299536378223,0.12630878224639774,0.018205754760305462,1,1.9096287880269962,0,3,0
0.9359678705424607,3.870062575162871,0.6562172519788286,0.030622696359119916,1,10.98608101107095,0,32,0
1.4463028308460675,4.357682284726618,0.13721253509986406,0.05753871890495142,1,6.6584734797080785,0,19,0
18.67031828928329,7.364263713027432,2.505978529489735,18.66701251417468,21,58.713936253407965,1,628,1
12.062006148247018,7.593699107345211,1.6201808876118524,16.757673137853907,10,108.3892613884189,0,454,1
4.0,7.894833448175433,3.81293563644007,13.74845203168293,24,109.78644917389855,0,622,1
0.6836787976940667,4.000361926182221,0.17073075054119977,0.011296233522813314,2,11.925520682846432,0,13,0
23.089397397982637,7.731958564998433,3.8490075687882674,15.268146745036765,10,79.24936349373174,0,174,1
2.7208276611354423,2.7677084123657307,0.21970753853624614,0.12042292053035752,2,13.006879468054736,0,12,0
14.161289819668063,7.844808462302441,3.209839711918871,11.941224987897762,12,77.41887296097,0,441,1
19.058381390257704,7.951571379490983,4.238722612875222,9.338737956263651,6,64.27406879768336,1,1258,1
0.8376588028170782,2.145716218851206,0.09940925454203944,0.19538591238960482,1,7.018196808094754,0,29,0
1.2619090348251831,4.158289398201434,0.5078041704816223,0.17266404714618322,1,9.60010783302654,0,11,0
18.728464886069826,7.5297032486046085,4.76455747464447,12.08224988171931,18,93.68865314466149,0,523,1
31.12687189361291,7.946052590544337,3.422019893302451,11.398991903933373,6,62.711389654827386,0,1344,1
11.640180890920613,7.8321980405755,2.720964446445582,6.440541036393882,24,51.63515262753822,1,628,1
27.926051028024858,7.830164632747057,3.978364300969023,6.5200569101323875,7,81.61204212378435,0,1268,1
0.169554933986133,4.448049843242153,-0.06500980333204469,0.013936820683095269,1,9.91974280274399,0,37,0
0.4623764808944686,3.226688103958204,0.4988272159404613,0.03178049535359829,1,25.062315884930257,0,31,0
9.362980379558593,8.0,3.0941613926076816,20.164762012776343,6,82.30372105296998,1,1012,1
1.1923437180147454,3.670924630678565,-0.3220562970519488,0.005157221833326931,3,12.246750411851261,0,5,0
22.97061826196502,7.903913028756201,3.4649534832225863,7.981964676268706,11,63.115193944636445,1,803,1
0.8425789928418091,4.770653127348513,0.056314577021934716,0.009234090634483067,2,11.840369369778111,0,34,0
15.355901613779668,7.484900206400863,2.854107295827105,10.92104110169963,13,76.647290215056,1,943,1
16.663668193690505,8.0,2.1713205732322107,14.201067455283733,18,51.87685460701815,0,1375,1
0.9810897339257765,4.190953562167374,-0.2164152346850664,0.02114065239344945,2,2.245310411548896,0,23,0
0.34296357765109464,3.622511276963755,0.4379181903230026,0.09002674388018292,1,25.233177409592486,0,19,0
1.9723276792249653,3.8054946039512294,-0.17858208147261773,0.02927057023317899,1,10.040023449298877,0,4,0
0.6040616150082245,7.300818601535091,-0.1883693062151376,0.02658818998421189,2,15.051946825679046,0,5,0
8.76658847817873,7.892906138210434,2.9565366062862237,11.795260617438288,20,92.04085559170973,0,96,1
16.35296788751828,7.611291822107563,2.8669430439453385,18.744372617355978,12,61.66368885560249,0,151,1
1.338501536861435,3.7517688068867105,0.12668871001204352,0.04605997486107254,1,14.643117638285496,0,16,0
26.173530076647864,7.622317516266092,1.481476083888869,15.245321275685672,9,54.76633288012799,1,483,1
0.9858138867125579,4.175657454678746,-0.013846347438838585,0.033465676351266564,1,17.269094489821825,0,22,0
38.7242392157729,7.543252839887555,2.074977020494356,8.692077601665499,15,89.27364236509682,1,138,1
0.07101731070879928,4.9832631787246084,0.6690701241407971,0.017481769957243706,1,13.875905947243936,0,18,0
22.972632004315056,7.419517521940639,1.6425445022428187,11.116398996315572,24,101.86324475574827,0,1202,1
3.00062965995618,7.4085408795953445,-0.021503366655642925,0.16293120856667262,1,8.786657521807232,0,13,0
0.8032752456399175,2.7375229900530016,0.48800974763499255,0.028265905512373637,1,2.3329832209546844,0,22,0
0.8375723142134599,4.068029700209974,-0.3541431599215031,0.05688763449746472,1,14.349841439333595,0,22,0
1.053011672363311,4.064052000650097,-0.054508858163369256,0.07529028451794641,3,18.431792205594764,0,23,0
14.689653187331828,7.92533749517502,4.078736305681535,7.1936367133062005,7,92.88091459728082,1,941,1
1.1040464281678102,3.610585117628752,0.17282987671349742,0.09370673967012257,1,16.82553763768467,0,10,0
8.789748611010136,8.0,3.3570782675100364,14.909321139612015,22,99.81570257448574,1,148,1
1.1666978882868762,4.964016978210531,-0.19595480556942357,0.10299681402249757,1,7.354191467370871,0,18,0
1.1692180963555314,3.777532907525616,-0.4937542401951825,0.04133153068446259,1,7.949474526237054,0,18,0
1.4316985411943008,3.4770812294064024,-0.2177471820646446,0.06529277088511318,2,13.061917868730363,0,16,0
0.8103833055629505,4.306689051874922,0.41343217916780206,0.0044266861464126814,1,9.160343086930537,0,16,0
2.2122298779427605,7.04311392511848,0.11618892581137923,0.03360895358051264,1,8.92609613724543,0,1,0
0.9304205043389331,7.365995892191371,-0.35228006357555547,0.11291001671212737,1,24.01609659845155,0,31,0
12.013835921049576,8.0,2.382459716326382,14.825482789002397,16,73.29493674168327,0,955,1
2.000889935761012,4.336175917821871,-0.714853896567217,0.07855886309217881,2,10.488160877049062,0,19,0
18.78334819900741,7.890776185564851,2.74833356948033,9.077132879605404,13,116.62855956359454,0,1555,1
1.2133060464485703,4.900692938547165,0.23949264910540585,0.020356022380228427,1,15.916943253118712,0,37,0
3.192633247390106,4.184243722410638,0.25521654145234784,0.24481332590914784,1,4.684885033408831,0,30,0
34.80396052648846,7.852829165281209,3.240322210749146,12.51747068404325,9,23.662836283602786,0,1001,1
11.850464185254616,7.723599229429145,1.850119124663735,21.53382814658746,21,49.97476138792965,0,1105,1
24.97819688030832,7.991317483960842,2.3475172899564463,10.854469319306451,10,94.9625334476805,1,342,1
1.282398311680882,3.366102142848963,1.1216814378921764,0.09092173344175178,1,10.867739229044483,0,14,0
2.4394476382202814,3.8952147248431794,-0.4054702343924527,0.007320685366363604,1,9.29237681442282,0,31,0
1.4528587133359956,2.9884648982656,0.5172161367452054,0.015332488721347388,1,12.504638927330944,0,4,0
22.488228668450567,7.77830642642994,4.143636386334096,13.79172269351756,7,61.67515701435116,0,1635,1
1.689809126930252,2.5061096399131455,-0.0677325320886414,0.1986222983043815,1,4.2021739808255045,0,16,0
0.7181111939258169,7.092596486122447,-0.03201721886472224,0.05576364637735262,1,10.28981491035083,0,4,0
0.7901668202153653,2.8516301171239196,0.0846984187963436,0.043814746588897634,1,17.042140943613305,0,15,0
1.2141959400525921,3.283382919490745,0.2954152141246306,0.05290127296105525,2,16.01884858805603,0,33,0
34.45040636412746,7.5278825282619914,2.398276160829838,10.554071177689908,17,81.71939472871604,1,95,1
1.9909872964752542,5.017118798265537,-0.2326023905143651,0.023677735133281867,2,6.75723227255286,0,33,0
1.363669001612334,6.881578554074955,0.4360247064599309,0.018251945102043376,1,13.276919081298317,0,37,0
28.027234967033483,7.837117583338368,1.840051369478421,14.99278313757659,22,33.11048875939764,0,1749,1
0.7139909447921776,7.390506287271897,0.1683883706352124,0.0666692710934022,1,2.2826638273955666,0,2,0
1.5223345902577488,4.64678763482426,0.22722844213418908,0.08060817837960534,1,5.4413546363992715,0,32,0
0.9279869057164192,2.568266784581344,-0.0985570460998685,0.0318977457620764,1,12.452506455674762,0,24,0
0.7767866040973238,3.026950091387894,-0.21532986434051982,0.16104628499410795,1,9.796094119988892,0,13,0
0.8187328956595974,7.728276623702215,0.9056039634038772,0.2226837847369503,2,12.230990914171633,0,19,0
0.7432898151248032,4.139387407769519,0.6218818642332768,0.05894736741566392,1,6.735271559981399,0,10,0
0.5255575440845123,1.8642038020705898,-0.04159677368737942,0.039954173126527555,1,12.054844054935797,0,22,0
35.54660508592306,7.959499382975198,3.4435379445040883,16.36519582518107,23,82.8742967888833,0,1382,1
1.0184210303717343,4.372526595806312,-0.026529044023566442,0.049003366164926385,1,1.0,0,28,0
6.735616475443363,7.294487478630183,2.418263212427863,14.593010625303476,7,55.60984096405993,1,441,1
33.34722036829266,8.0,2.888073876543063,6.935235921548696,20,60.63783236459311,0,1243,1
1.6095795416876688,2.7614984919562957,0.5296433928943532,0.009310401863764623,1,10.583375934484753,0,31,0
24.073069240674712,8.0,2.734262106506874,5.2529689382017875,18,50.67930268542607,0,818,1
0.7757942611952222,6.968048882904387,0.1610014446486663,0.10849844701738302,4,9.740600271053932,0,12,0
1.4547560299383642,3.818510978478534,-0.22977195868160216,0.1297215619466605,1,22.002076232142425,0,14,0
1.2895234229411552,4.114615378776177,0.05498545740479921,0.01826129810258296,1,8.229085762135465,0,19,0
21.109656739157543,7.143761233501982,4.244361646340607,12.652776098620668,10,28.168997204521204,0,1377,1
2.052646191854241,2.493953277606325,-0.1061849359769129,0.04339839595705246,2,26.623455455545315,0,16,0
2.072532647979776,1.533984343379033,0.1981696820130014,0.006484355910982598,2,16.93630424700263,0,4,0
0.0664468551097772,3.2776825820707503,0.6869820976923846,0.12821914400807288,1,1.9452492993809969,0,38,0
2.177199536385243,2.235778858951919,0.5211623922693187,0.08213746212848641,3,8.03104353643117,0,4,0
0.20656887346577668,3.9797006283112153,-0.11564276639156705,0.052910212520946034,1,12.114489766678608,0,22,0
1.8144514615573706,3.8466808034283817,0.15102887578261942,0.3002683977877452,2,10.670190680575173,0,24,0
30.564635740626223,7.667530661315318,2.350285199183822,12.99955023265532,23,91.78175341763384,0,106,1
30.94546413720566,7.919170236893801,4.6796871000672144,12.604630981014433,4,111.66105977971449,1,1138,1
14.236928145989975,7.664044814769396,3.5406519340257687,17.446428945267005,16,98.4742367176198,0,582,1
27.65187808465165,7.9302413560984615,3.1479552425246977,10.755116409965789,20,66.53327365290606,0,174,1
1.1244567048529035,4.417617249602738,0.3462813321045682,0.049075719386322776,2,14.946396260672138,0,1,0
0.9960135386792178,4.465079413650603,0.23307765140083803,0.013358422784892184,1,12.08389089581595,0,29,0
0.1277322660628167,3.740631217160487,-0.41069451437593474,0.28004305652227707,1,1.0,0,17,0
1.5311485064795616,3.915894131726044,-0.3361139650578816,0.214754979524376,3,13.394919710516202,0,14,0
1.6154482134731631,3.305890712484602,-0.8825163123760563,0.029416454986503148,2,15.232901569086739,0,2,0
27.2136886127753,7.550618607933922,3.2785958335294842,5.513959633644669,12,67.9538787650725,1,1520,1
12.98821500202754,7.651254482788356,3.183920076739023,19.165917361456547,19,58.80319275883697,1,1068,1
6.2877427362327225,7.721814815220237,2.8559729771853126,15.155880500187683,18,125.3388573662175,1,1741,1
2.7095168567234054,3.2702953236259207,-0.3699509027628594,0.07349257929552423,1,7.025344916195729,0,23,0
14.968423974017174,7.712593274225056,2.9683322535335352,20.390780756021307,22,90.78060892429458,1,1513,1
2.7459655465881814,3.9126627412221997,-0.43033111010479197,0.043003493856069115,2,14.33501886134069,0,3,0
14.268967249663447,8.0,3.7175970388907937,9.466186232465203,18,114.40431319353446,1,712,1
1.7715688192726213,3.155912608090966,0.13825857266645147,0.059563548363488324,1,20.028162976691522,0,25,0
0.6003040368104849,4.021434759460231,-0.17476812838699485,0.03785492456394145,1,4.896944153689985,0,3,0
1.368029454412629,3.3712326836725666,-0.05015902284078973,0.01705777144621942,1,12.115235808022149,0,2,0
0.5857725134183536,7.301807637302462,-0.1224704548850279,0.172570405203114,1,8.6877383090216,0,25,0
1.476730425881489,4.817989957278991,-0.08783065395522734,0.15654853545306432,1,4.744712817100921,0,33,0
0.49729835163120595,3.6975666349803107,-0.08968459883732392,0.052625080940462345,1,10.048206454058615,0,1,0
3.6395654764439564,3.2454505382108643,-0.1530502780259716,0.025085029680866622,1,17.337247387014145,0,18,0
0.7690928064645646,4.66091705011201,0.1807226442906028,0.08384391186160409,1,10.73806802697687,0,26,0
4.702315881657821,3.9146713340849844,0.6641714406963046,0.18151242115447058,1,1.0,0,23,0
16.29220545514369,7.890455285510316,4.975794381273714,16.661409530208466,23,95.23146570308246,0,1521,1
0.8711600768471209,2.8284325753978705,-0.0025364775549266624,0.016151023968252902,1,13.328959842796996,0,4,0
18.42225748216915,7.943594748854867,2.6564127267057116,10.134274350554909,4,54.994431615002405,0,1650,1
25.450760799022106,7.4996786686055374,2.359621637473913,10.253735794281337,19,89.38904814575913,1,358,1
0.49747327904096195,4.781124115096307,0.16617989483340234,0.055461096458473025,1,21.048073642738657,0,6,0
1.2819947866971528,4.4108728804958846,0.14398689526268305,0.021631811027572098,1,19.992457156300645,0,27,0
1.0874598925102885,5.347764798746712,0.13840647458268193,0.021598876272636746,1,1.0,0,11,0
0.3713139728333077,3.8288507131757017,-0.052290916665619316,0.1272664130177437,1,1.0,0,3,0
0.7819218934123793,3.4714330727180664,0.3888022662292217,0.10434951503164064,4,10.352926202706453,0,35,0
1.3634062917568743,3.920324350540931,0.3230246040868723,0.0896088332520956,2,9.470435624654382,0,13,0
10.83030548499974,7.765402799196751,3.8024942120539045,8.430063923469584,18,88.322293005676,1,180,1
36.491975054974134,7.928997487218961,3.399410774847415,10.985747314207192,6,54.91414314571857,0,1227,1
27.621805386170315,7.548401152226302,4.495364135451922,12.593991226511646,17,73.70113072748055,0,1486,1
0.926198517558288,5.137186312945674,-0.32425039939658884,0.07259977576903263,1,15.720892682492783,0,33,0
0.567016475981796,3.9537878113561846,-0.19729620259171543,0.03355592428132471,2,7.986743793341922,0,11,0
0.4227730358870061,7.142110927951802,-0.8244727557550078,0.020647956520387204,1,10.744100300271,0,27,0
29.783288562945895,7.7960111223091,1.8594217819577328,14.728312782960908,7,43.649433689287086,0,925,1
1.0893817284495264,4.0433543356427375,-0.1459098657584187,0.0647262791285591,2,8.055517237734698,0,21,0
26.936504357881624,7.771497143666283,2.425543474009806,14.865323937153123,11,30.79858202064007,1,1765,1
19.187704990011163,7.532604949269879,2.8925179739164437,11.312054018367288,24,52.31683601569336,0,404,1
5.0,4.320305430977014,-0.3028194169891818,0.13043885568268382,1,14.828114944966373,0,8,0
3.1587440206175725,7.2517537867405295,-0.02355841772716552,0.029096324300570537,1,11.665596360638318,0,21,0
19.05240099707178,7.505286562904998,3.156712319261608,12.555550085381507,7,20.0,1,796,1
0.46174167802163385,4.762490117144644,-0.38798238624958736,0.046985352610912176,1,6.783403511778818,0,32,0
0.5982773088409908,3.5896169569754575,0.6192331419840215,0.030395639090130325,1,1.0,0,31,0
1.7641366137360859,7.3329310310717135,0.3454991298340962,0.0005904169153077611,1,9.926001751943984,0,20,0
27.277218390218,7.763187518685597,4.554447970203685,9.20215650580289,11,95.5035898530765,0,1360,1
0.6619208506816914,3.2089577050158224,0.2724061099100252,0.09803532864619914,1,9.594508838735239,0,33,0
1.0790744193012356,2.7712361810281387,0.16431847614779688,0.026493760442493276,1,8.290961025916413,0,1,0
0.9118741656222842,3.5645881025651547,-0.43611785986018753,0.06768653804805196,2,9.70872393362586,0,19,0
23.920915981774897,7.922540984398004,1.3883827604959793,12.647357892170406,16,64.2393075299821,1,1150,1
0.10385204828317898,1.68895319979208,-0.7327151599099507,0.025615109790163806,1,6.208341962402655,0,13,0
0.9702168012234035,3.1079686189208053,0.2812531880623121,0.014796414222057743,1,2.0598448826424587,0,22,0
0.31239514004192864,4.002349451412064,0.1277931463568846,0.04123215094516431,1,10.256409135941201,0,13,0
37.208965850140856,7.410807598324548,2.734373309771991,7.980096339600451,23,81.84777717117947,1,1068,1
0.688137594628365,2.8532750493867747,0.041369951743977174,0.166668672460287,2,10.337681398325453,0,39,0
1.3371517924051037,3.190873965372156,-0.1728345332519992,0.055988793751291455,3,3.38345092478966,0,32,0
0.537212064137848,3.5816196800641316,0.13025994495212645,0.005649817611701027,1,14.767382961519942,0,14,0
0.8178355666240897,3.8875764832378312,-0.08142286022327609,0.010170417805636614,3,19.105086098203287,0,5,0
0.08409680668063374,4.074252129922098,0.23857935556924176,0.027086732643629385,1,12.179201539546954,0,13,0
0.9217189107462063,3.586468230388543,-0.19436843658206315,0.03547077007750423,2,10.956321465983077,0,27,0
29.357987831923413,7.785077224907989,3.4917595777372963,15.155536830194569,6,71.20122191320036,0,1318,1
19.782375077266536,7.74781686378531,4.346298548717394,5.643808457546655,17,31.04477808361412,0,575,1
1.0886403984850848,3.885429754779339,0.310000817852031,0.19720976910422774,1,12.631558206140003,0,1,0
35.42231803796402,7.869179491704073,3.174035251879159,11.276056535942713,17,50.338987522518835,0,1383,1
0.7840452113039813,7.517185339264559,-0.49053207367193513,0.28560328181695716,1,4.5255452985979785,0,6,0
0.20572023865411274,4.12722244299411,0.6443325172168066,0.3027742378336987,1,11.926634488680449,0,19,0
0.8007882806801343,4.622946088557113,0.7026187698880776,0.01596313722323488,1,8.98730292081573,0,21,0
31.308206877010612,8.0,3.818038283913709,19.08408460159224,21,101.10062823605949,1,179,1
0.3134796419848101,5.667330864101632,-0.20026686403831884,0.0636870068998318,2,16.001234070454746,0,37,0
36.482620725781565,7.726918132360043,3.5337471884025886,7.510980084828391,5,59.6894277274783,1,256,1
1.094248708351762,7.160302240855261,0.25187783836983596,0.06383036573359972,2,9.704439702675732,0,10,0
26.13011933023999,7.6111646528229295,3.278263731833453,12.84456085230784,10,75.53056627085645,1,940,1
25.692144371024906,7.906474554058432,3.5335385725821906,10.81477111110912,12,58.00235258132921,0,832,1
0.4743914791033338,2.7793343307440495,0.20578026497369056,0.14115130559728706,1,20.595516709351777,0,19,0
0.6908289096050167,3.1280952827914112,-0.048996291162227645,0.25120597357311863,1,15.620239037683922,0,11,0
0.44866485630381425,4.550048097763812,0.04209772061695364,0.060173469762829,1,8.131944293019052,0,36,0
20.27721052137379,7.5928599558243315,3.749459902123113,13.365377037381295,11,65.60041051620334,1,87,1
17.768619980917517,7.741214973408976,2.28480441300694,10.28454639721093,20,80.50473285512832,0,1570,1
26.579081858463223,7.949058079904407,4.05640163995745,11.383839879892111,8,113.43491826710725,0,1560,1
0.18038819544545684,3.9485540717928473,0.3369049160918541,0.05318566278591764,1,3.693461073849381,0,26,0
0.9257352465524218,4.1052308500714645,-0.26344463274121716,0.042303233362534165,1,14.575068719249991,0,13,0
26.994303653190734,7.971142915168659,4.2654371526596995,9.964093886437187,7,59.724971897759275,1,487,1
0.697106591568309,1.8720894663145533,-0.015381186941350794,0.24569270573985136,1,18.789470709237143,0,23,0
0.17954482441509426,3.954565938171355,-0.2205792094496684,0.21608718661321658,1,3.9854600249599095,0,10,0
2.5705510966925593,4.197988205844526,-0.32778735998477393,0.16951298791816505,2,18.669732909052254,0,6,0
29.943657043623713,8.0,2.01342367388625,22.02106098189386,4,60.97277172547507,1,703,1
1.5536313372642445,2.4710054698348625,-0.521410960990563,0.09654901066736776,1,13.918739967336197,0,38,0
0.13869929965927866,3.8546965034482086,0.3507598268930403,0.12228816988766428,1,9.738973923020637,0,9,0
2.127338873565366,7.3271437181096,-0.21975797089530186,0.23603957135667103,3,4.912279159963044,0,35,0
1.9050972889636495,1.7533052933943178,-0.3495851376087866,0.05131054003668356,1,11.298761229802722,0,30,0
0.8718057771560519,5.9500274925575685,-0.23393999169801732,0.04345405973027052,2,1.0,0,12,0
1.0967440142420537,3.449512140605124,-0.30983374273767555,0.19213014133719408,1,16.0632511281011,0,8,0
15.025802072245895,7.538658110327355,1.47138001980321,13.384209240348131,16,74.27958496028442,0,1207,1
29.728326384458903,7.828267516168925,3.3042487541086083,13.610578045856489,9,72.7699175577083,0,1075,1
0.8728198349742015,3.5049632506577315,0.26350810942455766,0.11748599493335458,1,14.312838422741713,0,23,0
26.97003563164154,7.6740411515816085,3.709860736497071,15.458287889989075,14,112.9605507663045,0,1036,1
1.460889009455103,4.071611587055072,-0.30466054245920404,0.08850390755735892,1,6.497067051773709,0,11,0
0.5036807774314265,7.4693994175378915,0.02081694944653706,0.042309873249732136,1,13.603391705092577,0,26,0
26.137840402219098,7.51229290920778,4.195568154311493,6.168834447940602,6,102.77277861836083,1,77,1
28.801492430787007,7.699590175073029,2.6623055322747087,7.772857467400471,19,79.82154607875476,0,1082,1
0.11810342387447248,3.1083474181773587,0.4631718072905363,0.09193712743155646,1,23.963177635395567,0,33,0
0.9740368713070646,3.5043315768662904,-0.039575696584413664,0.015891554422942485,1,12.250641944189473,0,19,0
1.2320590372273712,4.012044835872249,-0.033619494694410015,0.02814778436483678,1,9.198656298355202,0,28,0
2.0501121825864184,3.1779687681240176,0.6494336994934992,0.016574162820093486,1,13.733189682118118,0,3,0
3.0764143260511054,5.215293360210629,-0.24571445869366576,0.09552817859545579,3,8.26351463998856,0,38,0
1.503685040513525,4.417675831180231,0.4562446512590141,0.058386624561987954,3,12.293215099830919,0,38,0
21.249003560213126,7.8302414326965994,5.887696438018786,14.885743629376337,11,93.5031416026311,1,1342,1
24.346748335417836,7.504250948849562,3.5083146483783114,4.852755112745269,14,79.55426569280255,0,1028,1
1.3442458069933156,3.280486645005004,0.46378191012841025,0.28737330080074047,1,16.624612838610833,0,6,0
2.445621395459275,7.22211969139396,-0.011230598100459205,0.0941397750642409,1,11.198927262693957,0,2,0
0.5860080064396678,3.8828353109115143,0.19143557925315297,0.0409077722688454,1,9.154913657531107,0,37,0
0.9932035984473837,7.273582598896171,-0.20468532419967844,0.35465936941938525,1,17.799265503123674,0,26,0
15.404117554771908,8.0,3.93714944457863,15.257866930994027,20,65.26491096186558,1,254,1
4.07347102425666,5.058251712733745,-0.12204640550932959,0.15644009425156655,2,15.870227132693984,0,9,0
2.5455620619049686,3.1438069364410386,0.5501909564928609,0.03385166027887086,1,13.583418703312551,0,27,0
8.976817227343586,7.733657861571684,3.3591972554870075,10.963499157468597,18,79.62406468355216,0,1474,1
15.178519870137283,7.81568659811631,3.713928317957433,5.401548282265546,19,144.20934014064858,0,453,1
1.6889783738536293,3.376049784430008,0.27913681611880964,0.0004852320473909874,1,14.67721101773688,0,32,0
17.48708159510724,7.738797065633266,2.4136979972696366,16.681043325472352,19,104.42501591975844,1,1053,1
0.2894953609768422,7.212198809825754,0.8074025808693247,0.11430277548587581,1,3.228037321038734,0,24,0
18.61760916312109,7.444536202516444,3.90369185834371,10.428997526411681,21,63.30653290353545,0,1677,1
3.037296262349777,3.491693337979827,0.3427150517674096,0.08368529571424733,1,14.108440013053698,0,33,0
21.880177810962955,7.813529273802127,3.334880382249,16.858032047111216,8,64.84724107441492,1,1615,1
0.7400150724520886,3.349039859953679,-0.02897984612632401,0.270118008218506,1,16.11976915167696,0,17,0
1.1139846581727637,4.277153871648537,0.06549379067218984,0.012304004440676086,1,1.876657500385793,0,32,0
0.021335186033131823,3.29607579622527,0.23669029793314666,0.009376979785548033,2,1.0,0,31,0
27.47728984434996,7.736124326611934,3.470674115462716,16.134516811115645,19,80.23372143336722,1,1176,1
1.1977735984995084,3.361248262538408,-0.34139595409784773,1.8165119626677884e-05,2,19.378530783347884,0,33,0
1.5764785713927885,3.503527581542038,-0.48218946107946453,0.19192956161238428,1,24.082193503988144,0,9,0
0.6443011908055021,4.590935335486402,-0.025758277970006627,0.199739501416533,1,14.01923029122588,0,28,0
0.8035704493902149,5.068517194308586,-0.08279157464504468,0.19197411976349707,1,21.262186565954483,0,33,0
17.202690765128008,8.0,1.3557148067085425,9.24552780575016,6,105.51376509828081,0,784,1
12.908400490714364,7.711164052547427,2.9120211235840783,8.006827766715723,18,77.87112725694382,0,1779,1
27.25760881036843,7.683583050665161,3.840761720045539,13.82026461413903,17,73.68112229998086,0,1514,1
14.939516708435768,7.819714148859014,2.686772126454719,7.424450860697903,22,114.73603208904245,0,686,1
1.2101718098973313,2.2918399583831057,0.4155798951852112,0.07206895599104006,2,14.87665015045961,0,14,0
12.563671531354176,8.0,4.369258922782673,11.837547914717275,13,59.32378463255648,0,1480,1
10.691880214422442,7.528429436088698,4.012279664067792,8.574173391016956,24,97.29251452673938,1,1104,1
0.6857533783894776,2.918565441664085,0.6571911619295296,0.00897831090247105,1,10.487079204938551,0,28,0
15.745225007813277,8.0,3.951345651073208,12.207968128698578,14,105.05622508402928,0,847,1
1.3717621247128253,4.101880562210583,0.050482877852794775,0.006807596122968177,1,16.72393503387914,0,3,0
33.24570440812661,8.0,4.3833096423671165,10.166447692585253,4,69.98286954061676,1,1463,1
28.374438664456523,7.64099605434704,3.8553554745924954,17.888551312660475,13,81.47218789281764,1,1617,1
0.7962435372640395,7.583404082596325,-0.38774362204587914,0.04722205998351523,1,9.654461642851558,0,7,0
0.12638505409190856,3.8260604619268492,-0.22126196629830341,0.019470908958243327,1,16.599308126026628,0,35,0
0.40558203487709066,3.2370763603467907,0.5873020520026421,0.06879432898513069,1,4.695118876584993,0,18,0
29.488819481575607,7.923735054267835,5.365510122202944,21.73054529608702,11,114.76989355428131,0,1039,1
1.5342925957688713,4.229672666448915,-0.007934852973664579,0.01752098745271487,1,14.447741458503888,0,5,0
2.5972182618417716,3.784200725172298,0.083889862093331,0.12636514188821882,2,16.102257221448177,0,18,0
1.7473626484602196,7.521392953260528,0.11038437402308143,0.09031348975348773,2,12.980590563522792,0,29,0
0.8776636427876179,4.267658102359654,0.45761524660862474,0.028303155793080462,3,8.971683538877304,0,13,0
3.1003354798041336,3.3212592517251514,0.5643538880763103,0.06563203241894508,1,13.773363610720475,0,34,0
20.072315337152656,7.673263148984744,3.3165442876064857,12.386945730952057,17,90.16905375516018,1,1162,1
17.00732203970005,7.861500764206768,2.795781433141002,13.890995893902783,5,87.11836619922309,1,871,1
1.1994230126857708,7.436267900637121,0.05768033287536629,0.13571095852444637,1,13.452798934044157,0,30,0
0.14093380570318567,3.2496529065302573,0.1605038434274223,0.057675657178104855,3,18.84517929366448,0,21,0
1.4837471444116375,3.149817634465254,0.42916915326896043,0.075403181007128,1,9.513661248208603,0,29,0
24.973888224096378,7.7369798922489394,2.384761838519442,11.098418871350708,9,85.5311844672745,1,1137,1
2.0260890126624007,7.07658517150765,0.11039256713146658,0.07496262488572439,2,12.839962455818608,0,22,0
0.3589734258563233,4.508642510081375,0.47517896991303477,0.05485230161757884,1,6.441197890553298,0,18,0
0.19004534109490154,4.341278413292677,0.16390290080183362,0.0716635713107255,1,17.174413732553372,0,35,0
0.4829237270436384,5.241731846745156,0.28220670520302893,0.08795159497869244,1,8.218303195323315,0,7,0
1.073812206752536,3.806371426117864,-0.3333903160532328,0.1581194297230453,1,16.058872012638247,0,16,0
0.22353296699692354,2.3402207624794085,0.19073089037102903,0.1512899833398564,1,15.662242198351711,0,21,0
1.0273813409989418,3.4618931514227533,0.42551036004751275,0.11491008030466812,1,8.273171467125612,0,13,0
19.94877955574163,8.0,2.5475863713576863,17.053138009474818,13,67.62359525485894,0,1107,1
5.0,7.201528385201297,-0.22709827269865823,0.04560797910232897,1,20.542524451843676,0,10,0
1.3971737180914479,6.994556015505725,0.124532490785068,0.272190582714839,1,1.0,0,21,0
0.6980695632029452,4.780105878534299,0.2684249952918165,0.06333649273350252,1,5.213745754224688,0,16,0
22.508320404018693,7.7646397256325566,2.1391976873322305,15.366428815033565,21,95.72872587648855,0,885,1
21.490985300421098,7.7179072896365915,2.9113282502288977,15.580390223680794,21,38.71934252747104,0,1650,1
1.9525763162992054,7.582566811353979,0.7273621178094415,0.14010989764193155,1,9.996326422167826,0,20,0
0.42022782296949174,7.61364795178393,-0.08096309659656427,0.051420351093867764,2,12.449167837500175,0,10,0
18.03606284385683,7.9455090403708635,3.4070543639450603,15.247982301416528,15,89.87135933493111,0,137,1
3.071010236356274,2.869448431157089,0.3433829078498991,0.0036053008928004044,2,9.513764029768897,0,24,0
8.922451849964832,8.0,3.7825579076414284,10.909358239100333,19,98.47392945587129,1,1324,1
18.948763756228686,8.0,3.2211223900633543,5.785411826520236,7,100.74010903549232,1,101,1
0.8479814726565436,2.7908361330759126,-0.38164408920390686,0.16511263924204322,1,7.591177756737849,0,25,0
21.981553701033395,8.0,2.5441435466113798,8.530216013277617,4,88.89565068937819,0,324,1
24.80841984763743,7.821970792950999,3.5824083349152342,13.883505026953731,24,82.03370868723943,0,789,1
2.530330230367287,5.038399803139215,-0.32732175248729994,0.029720868549817855,1,23.44378701855932,0,13,0
19.385621256805674,7.815109163064414,1.8150823605569004,18.14613662527268,7,70.2851292713128,0,1383,1
18.40714024936548,8.0,3.1817842508321186,14.204706809428558,11,56.004946700305624,1,700,1
0.7509886954189553,7.166385869580446,-0.19735541723173383,0.014715755171559214,1,8.455031334555144,0,3,0
24.322086443228393,7.574721251305048,2.3779173863144276,17.036725286052818,6,60.63495354541522,0,367,1
0.25449118911188373,3.530481739533207,-0.20651251000452908,0.2976422209655111,1,15.901334360441659,0,35,0
26.80750704569381,7.922714271827163,4.067760896045083,6.700335922310146,20,74.21846464614384,0,1249,1
1.0127291104953842,5.365650912433313,0.46008180912319263,0.011914494849969155,1,1.0,0,8,0
4.23020284802282,4.667583666458457,0.4663302649327647,0.06479853491261352,1,12.34270704330705,0,14,0
3.061031035173305,2.536307594075298,0.27926421482362623,0.11070202265938518,1,8.847249514758637,0,5,0
0.5634364895933611,3.1679469398917774,0.5841652110765816,0.02634711025283125,3,14.195456027488964,0,19,0
11.589979004863217,7.7566433126026295,2.3940459317222555,15.354195705254496,9,57.6983700333827,1,803,1
0.05551691208830526,5.161216856336588,0.4051258852537941,0.1602405841055062,2,6.693043088035806,0,28,0
0.8636965093616145,6.871039459489952,0.03394855922084246,0.02073599235352042,1,15.775050546304218,0,11,0
27.569089935756544,7.637558860755947,3.7775383206721944,14.44833000321513,18,87.73783909824215,0,1247,1
0.6464318775898704,3.206216383846692,-0.2674528554339307,0.01705705020125335,1,10.16717982451279,0,1,0
25.948128281623028,7.524777204844252,2.975177161098213,9.267067828889248,24,51.51087081865104,0,904,1
0.3157599928466844,4.669971339225198,-0.23287644307532274,0.10404784159812237,1,7.991184419810339,0,14,0
1.6430787603216666,4.621937228271019,0.3231199840657561,0.04321963829276285,1,8.049540389289955,0,30,0
3.044917243390053,3.83028953200716,-0.03124526149195901,0.012734970755467777,1,9.830536131339638,0,2,0
0.7187791107131245,3.3747544502055544,0.36035632584408983,0.04388112401575361,1,3.633865999984602,0,14,0
0.2852402119742902,5.2343380730646984,-0.046495767522303236,0.3645510473782894,1,7.840135526464992,0,12,0
1.1502728597737997,3.5761015310671826,0.41282639029673945,0.0009660516224112068,2,4.910861030012237,0,2,0
0.3797626378449998,4.236653739649612,0.6665911257772673,0.008288891655970207,1,6.5910293586350654,0,17,0
26.991167544612612,7.796131585041671,3.730121752933145,6.072045835496817,11,39.44413746232816,1,901,1
0.38982301755599513,7.161128405853324,-0.027591002999673514,0.0315881906633335,3,19.075556007660758,0,29,0
25.408371897959967,7.692638918133293,2.934880123550004,4.627732740558858,24,109.76608989874893,1,942,1
3.0543748440015976,5.055022883282279,0.3482626096828064,0.004969349088974307,1,14.16591649522249,0,37,0
10.598577883994356,7.687287177405887,3.477967383908438,1.5,17,94.90850049372081,0,1501,1
0.5945125930264472,3.8213448456884285,-0.7368500103772571,0.07279075221799813,2,8.225659611849572,0,8,0
4.313937838725273,2.501155809581493,0.04318595532301603,0.1163135265805725,1,14.388568676119684,0,23,0
9.363956663301817,8.0,3.576370067986019,5.97116573657506,8,77.6623495072523,0,682,1
1.1171701426944407,2.356974862577457,-0.3645260603092079,0.010222391810713757,1,16.23677129465596,0,1,0
21.71885136476234,7.649706115328305,4.370224049826838,14.356800528930357,20,83.27167571015877,1,1440,1
0.05672508870875962,7.499418751098907,-0.2925849861283988,0.11724817993586335,1,10.226986262801496,0,38,0
1.8369802336523944,3.6354179273376213,-0.08196545919699035,0.02852229271334535,1,19.64986429212491,0,14,0
1.775460053829977,3.655608168854693,-0.3968705332458803,0.007350649572241204,2,12.777237835236281,0,23,0
33.858395889223296,7.809939111110218,1.891581304328355,6.813069210319842,17,72.62129692306699,0,742,1
0.7681694603869648,7.0793953089059,-0.3926402511146204,0.003132610205009389,1,14.170571952623103,0,31,0
3.137430046198459,2.9501622758669006,-0.4099510490593257,0.014473781268376505,1,19.24796423916232,0,31,0
0.13111316699459225,2.9062869384987913,0.7155457392897846,0.06438260974585588,2,20.707527941727676,0,15,0
0.9665587344928342,3.8804160756065293,-0.1705764936191625,0.04787794150590208,1,4.114975445370978,0,23,0
29.622077513553524,7.566074612312488,4.345246889517002,17.09482139124476,23,67.68105203068863,1,1736,1
0.7032897012428929,3.826179593232566,-0.014604632135860413,0.022572848042376754,2,16.49749045984593,0,31,0
1.4528731271613158,3.027601611336755,0.4249939556606219,0.007669962401504529,2,30.0,0,4,0
24.515606578325254,7.622339351713824,3.191271204035653,10.975366227114215,6,68.80114481680276,0,509,1
8.653240895130194,7.9378317826288365,2.8727941599026887,13.002526697365854,12,63.54442426858748,0,1330,1
23.845578546675476,7.665702692829696,5.290940286009255,13.564321398666138,19,74.54664391229795,0,131,1
0.45017518891704855,4.407150880097558,0.12415753752813796,0.02998688330335565,1,1.0,0,33,0
19.078539069650123,7.343063665461066,3.9388305911987387,10.146329715535614,16,65.1238286957608,1,1478,1
33.31714133996278,7.8554619386799125,2.3409886886125224,11.753671251068837,22,51.89328993512321,1,810,1
9.194102752443662,7.754502594879545,1.7456212996546498,15.393192717219472,10,99.693212898115,1,440,1
13.105773606924464,7.924586573515091,3.08122012217139,14.739368776422364,7,85.3088992271487,1,189,1
1.720330711054455,4.566182122929607,-0.44985197340578414,0.06818330348625869,1,10.242272305418732,0,16,0
0.9438685093007799,3.5544950810501015,0.439516983583326,0.18214225199416378,1,24.343631189964057,0,39,0
0.30762488488339557,5.972757257850306,0.34019543956763976,0.011996472489667483,1,1.0,0,26,0
0.6330378266796594,4.9303958045014635,-0.5017230981148024,0.050645599840558476,1,10.244216278018769,0,4,0
15.629004199283926,7.9930961187269265,3.1970530588497588,11.659659337395915,10,60.07569930247212,1,1771,1
15.027182414741599,7.717752949064146,2.3003160041171986,10.948371208500136,18,21.829162805018363,1,113,1
23.261881660893447,8.0,3.1427362365623575,11.830963375625211,19,94.53395299516286,1,888,1
1.9084217980730314,4.473222673631807,0.8725720300020026,0.010522439261845474,1,8.853840265910499,0,29,0
7.140169738692773,7.630634162376857,4.647068903127422,12.523924516788144,5,75.5030282395215,1,1366,1
0.6538086245596556,4.3415731098716295,0.45034285424713677,0.13213262535948647,3,4.776371215213382,0,3,0
0.2003444078369473,3.0910237251124753,-0.4090889626633743,0.019263337317753666,1,16.000236365151657,0,4,0
16.62940615785214,8.0,1.6871944255281583,7.421642898640896,19,44.390318166051145,1,873,1
0.5045824850772603,3.595798446318197,0.40818495356959034,0.05847817389100581,1,9.46371324184374,0,10,0
8.077057395084118,7.706918774405802,3.9986441277270206,11.795530946093445,20,83.41249472052252,1,1731,1
0.9567586461395989,2.8374939183866457,0.1705245192507847,0.033500151031326454,1,15.554867904724297,0,2,0
1.1404952315503027,4.232019385293538,-0.6902032032559466,0.0878935396774148,2,3.6622219748667266,0,13,0
23.47533255541582,7.957492220701795,1.8995924093321666,11.695491107724365,7,31.514368894193048,0,1353,1
19.386571472728104,7.959251442687434,3.7433337396103648,13.366237893791853,15,54.04095299997981,0,908,1
18.037631432951446,8.0,2.7655850627173857,16.34071139268927,9,100.46343569125986,1,1086,1
24.877193263056927,7.772319943380303,3.7793978428441393,12.157842321856418,4,49.334362927895526,0,1434,1
8.226539400584352,7.781835423184516,2.553181660266005,19.3601464924067,13,53.42025719582929,1,1229,1
0.6020942375103985,4.012709038447467,0.0906605794267924,0.08893895868019515,2,15.792725683366868,0,25,0
2.4643091862975166,6.956441180838348,0.6042170470373598,0.011481519505748503,1,20.31291804310853,0,29,0
0.2699816359367084,3.839662816387765,0.13274625182597644,0.03314924735376011,1,14.95149322890832,0,33,0
0.6965780587604307,4.080628140603848,-0.182156512621081,0.0003356988417854668,1,6.199602491133302,0,16,0
0.7609081922427026,3.2063950914738877,0.20034705007121778,0.03786362644461429,2,7.071090860257948,0,2,0
4.416692435407914,7.890972309639152,3.423953370876241,1.5,9,49.341159440252596,0,999,1
0.8862051187627152,3.6795152644505253,-0.44923262279849274,0.022858964782861507,1,19.22756747621034,0,26,0
0.577490158297355,3.347772178880734,0.5012889022005085,0.07317530593713456,1,7.128470045352042,0,30,0
0.8029406018741247,3.6280717158799374,0.9441402140657404,0.2652423676624636,1,6.381323690105942,0,36,0
25.78045919507058,7.755998847738635,1.354280129605267,19.36800059813772,11,51.672022782846454,1,327,1
0.795471820581526,4.58468275930998,0.14333546732416214,0.07903773643696614,3,14.610470029115158,0,38,0
33.67723863668407,7.736902492395677,1.6282647683386882,9.191001830547426,9,93.17919972230251,0,128,1
15.903667780898804,7.732320016641185,4.156492639575919,12.871884480154637,21,67.45503766509368,1,1149,1
1.2953024060162848,4.101259212111299,0.08894686881864647,0.05308986449276151,2,18.328666885659942,0,22,0
18.12266193013248,7.831562002923551,5.306266848240776,15.655761877291965,21,74.06091226584522,1,1291,1
2.0646642239242854,4.254784180219678,-0.10858705379324936,0.21292982936898205,1,7.27916005862169,0,35,0
28.692161248311855,8.0,2.771167882593712,11.665022258472394,20,39.83201418601105,0,762,1
21.035934425872828,7.611043705052967,4.617623588979121,17.513960888610917,20,72.28680393587881,0,126,1
14.039320256897259,7.832925079853457,3.02759855737858,5.544035491615599,23,105.54511712441754,0,1376,1
7.785394707391802,7.348884765416052,3.3436945089931327,9.067988323550537,20,72.64327323087748,0,1225,1
22.712806133631013,7.642120379693205,4.4785564634966075,10.686237050684744,4,107.62086908298323,1,1570,1
5.0,7.2460716749406275,-0.22275345983250117,0.22687213053142405,1,16.353096832652266,0,30,0
1.3288288393892933,2.070224623265765,-0.30769093863677865,0.1336481170601462,1,13.13521982084541,0,31,0
29.384105895155997,7.6735316118048695,3.655285863982626,12.25815225203889,24,65.56172128600437,0,456,1
25.285396683358407,7.3458364830828105,3.657481660546271,18.64170741397339,17,120.13542116049452,0,781,1
0.5330756735640723,7.160152356542974,0.09337109921992565,0.12949450751089633,1,10.733587980688835,0,20,0
18.851629441014502,7.964504142835454,2.699512757394078,9.50576377880344,17,81.7212696600248,0,889,1
1.5770819880473006,7.568340152588398,0.5401399281783489,0.0652593060988339,1,19.759796971447553,0,8,0
8.137010786834963,7.723040029581304,3.1703087274554753,4.753632718660043,22,81.10246108755966,0,227,1
0.4456609006843835,5.984693786578854,-0.006129850203856875,0.07644843815859793,2,12.131194453093336,0,22,0
24.1002240985866,8.0,3.480339539351357,21.85422772852904,6,106.3086590574502,0,1698,1
0.5288849512128259,2.928735907081756,0.10315716336487891,0.039126075385196024,1,11.331055277249327,0,6,0
16.784719716914903,7.907454597600237,4.585115637729874,7.339198851787057,8,20.967402842440954,0,510,1
21.264834996674495,7.6957189879671,2.8382121579774786,17.777040187281514,8,83.2161006451202,1,680,1
0.8682825149712157,4.387443740449197,-0.13831303509809778,0.12120758274611636,1,13.33111510081827,0,12,0
2.3576750484797997,5.907377634919967,-0.7795883680230342,0.18258748040364606,1,9.106366738790902,0,36,0
21.319645287695813,7.629739907097654,3.9250224270776544,10.836539319237302,13,93.65059882457041,1,431,1
19.530580722601737,7.692488377969773,2.626884408605399,15.97150987275475,19,74.27068251933598,0,220,1
1.0197560997584902,3.4783466043866635,0.10280457464713708,0.3915842812667594,3,17.191469702063653,0,22,0
2.5118683584696475,4.184116908977895,0.24540208616452885,0.0444797521346967,1,8.667331242809992,0,33,0
1.496022800462823,3.618991303060999,0.09299520348906928,0.05433275283705665,1,8.36959927131156,0,25,0
17.56000489508632,7.928718408126292,3.0428710481950176,14.703482408921124,14,34.970470029710675,1,1334,1
0.15858870285896137,3.0449194356610256,-0.5457746431280038,0.05616792098011664,1,13.838633005531008,0,5,0
22.095494241451103,7.863237387284212,3.752124743022601,10.801530204356963,18,73.09402456698506,0,205,1
23.762940390704028,7.85545730793839,3.8337168632443483,11.526633504504712,4,76.93963473715978,1,999,1
1.158413423400432,3.992990510124278,0.16842133342255683,0.0037325485707171502,1,15.655051400641447,0,12,0
12.94749914762936,8.0,4.52815941109311,4.439574109384985,22,71.68489804398759,1,229,1
27.749221026045973,7.494347474148485,3.6132621506013773,10.107929330916184,18,89.28060525590598,0,286,1
16.431838707192384,7.595658062588326,2.915298009733942,13.499392313331283,21,67.32379147687246,0,1350,1
1.9751259119886286,2.892947523930493,0.2115832031489771,0.04268886367387302,1,12.558952679505914,0,29,0
0.8311034731757099,4.223166349114016,-0.04559282334241915,0.111489737970122,1,13.480328332191638,0,3,0
1.8811520793672765,7.33535095866041,0.05331281790793858,0.053122877231485975,1,7.9420010913344985,0,15,0
22.661600029108563,7.595361806302674,3.12194997577265,13.882395654013438,23,86.04401624123699,0,1636,1
2.6967308824481484,7.511043770266208,0.09629547667409746,0.05749611317208759,1,15.135060421263068,0,11,0
15.699457042191234,7.545572751225276,3.591443348760269,16.216508033238476,13,87.5475058425168,0,1669,1
0.8790012237963037,3.5986154544059956,-0.04809418656224834,0.016053603914417493,1,8.242652426181301,0,33,0
3.4755334747996693,3.4293848354713337,0.5868492293612613,0.01025972893327305,2,16.560137654646205,0,16,0
26.736294606559845,7.630679329018329,3.1193024706143295,16.557085596788404,17,99.76777116560213,1,802,1
0.7774199323925804,3.101272292729753,0.9896359833224257,0.02326185278323652,1,21.296045560626357,0,19,0
2.139938937958339,3.3379759251939567,0.4598922208618744,0.070936929040291,2,13.708951671741819,0,27,0
1.262853028007332,4.004458922969895,0.22059487441669512,0.22253247508595134,1,10.017743619954135,0,10,0
0.6798441709635319,3.884247456703269,0.36315323012649814,0.05999229889621243,2,7.29302356566279,0,11,0
14.16107363442054,7.506142722834787,5.022382046446262,3.601713429678764,9,75.16371644511348,0,234,1
28.387091776811477,7.610856175106583,3.7690692888049706,15.594198001364868,23,126.00334714992297,1,134,1
0.7108969110056971,3.6340179818529017,0.012822477155296039,0.034665952647230346,1,9.552171131392482,0,9,0
16.579260561772386,7.701609695068443,4.092482451573113,17.101493629052833,14,63.00079634628184,0,970,1
0.6560213799755623,3.841301101368966,-0.18778459943222253,0.021690470070434804,2,14.130153707609573,0,37,0
11.311976860520577,7.661104493361795,4.935031697694715,9.713526433722935,23,53.86119559113466,0,890,1
31.010780259479823,8.0,1.3068499174470494,7.374353424908485,16,72.00852743817124,0,1327,1
0.4749663273116966,3.2644718441339586,0.6090804764833802,0.017716056488583574,1,19.36682060070808,0,29,0
0.1146461252122366,4.555977332310985,-0.0334183603097498,0.18856245669882035,3,6.7873418940380645,0,10,0
24.372410571450445,8.0,3.151097168226166,14.389213467326076,24,46.219333562321395,0,738,1
18.1203645856139,7.982401540854242,2.9656224201627155,15.175786133885019,6,44.324648067786605,0,947,1
2.677955216332247,2.760706684559146,-0.023157384877975903,0.07812139239709537,3,9.700710978248306,0,16,0
0.46916956888072553,4.6428899193949285,0.10620207236547441,0.11534992524390622,4,5.966879912908217,0,3,0
3.7527908774566408,4.725677108371167,0.3297125869668897,0.08988812357154448,1,8.877366087647335,0,31,0
5.726009123912615,7.745582737001684,4.287442182429249,22.614899501465402,6,66.92310643307438,0,974,1
9.290494956979282,7.705386037641858,4.256769348553389,9.270617440482937,4,76.98948866391402,0,692,1
1.9701452820855658,4.3924726944824375,-0.3510652064938149,0.08363557911684605,1,4.256863636252257,0,5,0
1.4412280527012777,4.161626675668614,0.4414601756967569,0.06791355384758452,1,20.065909247923248,0,25,0
0.3585416096089403,5.1314536784997085,-0.2486561573892166,0.07394846581686315,2,11.490845730063885,0,1,0
20.271165030533446,7.535738334465805,2.6234309928776343,20.668983892531976,15,116.60480136959748,0,922,1
1.1207668999197622,5.942487898910714,-0.013847349003345943,0.12182079538032714,1,12.776771610751194,0,3,0
1.0433960403470557,7.503045618333014,-0.37571404147828463,0.1560741758437783,1,12.69265581698566,0,25,0
1.134883372976735,3.775884584383319,-0.0725064591068993,0.1415510307075389,3,15.496084878091114,0,20,0
1.6587310617085482,4.00421870993085,0.15366468165585476,0.09094565820008,3,4.666943609093926,0,8,0
16.417365693968815,7.8413199697397005,3.8013919289925244,13.656870339803339,19,81.73265473905846,0,1317,1
0.20400501895572073,3.26902369841623,-0.5186792965360462,0.03783960862518594,2,14.77472391676276,0,23,0
0.25310262590962174,2.90955645834903,0.2741867570708618,0.001939011040740029,1,13.685779926990593,0,10,0
26.98345815849571,7.830783116263144,3.905650434425321,15.11450945856863,11,50.55152911118403,0,1510,1
3.0534942940954037,4.829859512121712,-0.012192891989690056,0.011206953384160926,1,9.366396165935981,0,32,0
0.298586380347974,7.509793988518234,0.4333061441020811,0.028525927061765887,1,11.026305316995515,0,2,0
0.03355835796877937,3.5160101727093696,-0.12478450450697985,0.02992476268310172,1,19.144476696151486,0,9,0
41.687969806740654,7.98367292658966,2.8896663823994344,12.944392656682842,14,84.35155220327609,0,1257,1
30.482309127098535,7.552252536316036,3.51430300629002,11.011907705450923,16,135.0395915257588,0,833,1
25.21171313493596,7.987292207466065,2.458829644828721,11.730777320129137,17,60.25211509375167,0,905,1
0.7489483333291918,4.511933066052134,-0.34109636072968863,0.03392042391959772,2,16.894590989939957,0,22,0
20.598690113768345,7.657210406103118,2.243045291206556,6.26073395461338,8,60.654502152247034,0,764,1
0.7509925877683133,7.371804030511187,0.5852537927938367,0.03674093621680811,2,13.918858261439507,0,27,0
1.2828923557133465,3.010571163408364,0.3584141700647023,0.11131385508750913,1,22.454256508215234,0,28,0
0.17391210423401277,2.5292283676659535,0.36556818162077737,0.023970038257170746,2,22.795506274117173,0,4,0
0.8188846858483431,4.038385789101961,0.7600201234944556,0.2570931948230018,4,15.504788908912868,0,30,0
1.6962310697159575,4.313544427969241,0.09387786051780916,0.011434111078018705,1,6.288479158624695,0,26,0
1.061224467672811,2.5879237256354797,-0.3859578690650942,0.021935997501439035,1,13.383222766969826,0,31,0
15.8932065062791,7.585768058360933,4.829272349003746,14.485561346153203,21,103.08568217739405,1,1011,1
7.33148628810328,7.654058652088436,2.1079669367768767,10.745085107760609,22,47.53301566414038,1,1163,1
23.636128022489807,8.0,4.542603947081654,13.067910359486635,12,55.04484809104615,0,1179,1
10.945838060131562,7.979943065845326,3.334135730562498,15.761868030885719,15,20.0,1,221,1
20.00244662026565,7.862447811951653,2.6975616117749164,10.73060333041389,7,62.76464413763949,0,1504,1
1.4366684008455364,4.660140748534767,0.45374720003095104,0.09401700684375025,1,17.843077543558916,0,15,0
22.358985885277615,7.936223181678187,3.387092339099922,5.597496627266484,19,87.06334274552962,1,713,1
17.297872760230725,7.891508470186833,2.7358093899234164,3.223638400955009,10,75.7905493477562,0,1291,1
0.4697138846159268,4.306889232460665,-0.014966113771272271,0.03257042275377458,1,13.98731567243117,0,30,0
17.617478106187242,7.573737067535451,2.8027770876366334,14.30519861216204,20,67.20536066859938,1,1454,1
32.496675328857805,7.698342267336976,2.7280862453764816,9.24745175139364,18,81.79208961250076,0,1145,1
29.2657770127676,7.491101329028398,4.337468455919109,8.98187458394183,17,84.01889386659587,1,1206,1
1.539594877842204,3.4720315969177813,0.8935170272924967,0.08704851328348881,1,14.760326048678666,0,34,0
0.711203400294626,3.92564288432116,-0.21805103153020589,0.07341998305977997,4,9.494364193368728,0,1,0
1.0058426230173343,4.23284541079411,0.05870012631294422,0.0036961958264115657,1,12.041785340651625,0,39,0
30.007461433565346,7.601228122175417,3.503378563460313,9.976388238430541,15,108.06758049972449,0,299,1
20.896295210054728,7.452528016654852,1.9968933190246883,14.967234965911075,5,29.792616787512138,0,1679,1
2.384609092615715,4.490877327397272,-0.5926251956258887,0.06131728332059166,2,21.48763170971493,0,2,0
0.9468599945432108,2.423917959241745,0.23998992294473676,0.031096608434905616,1,12.371448624179981,0,17,0
30.289582008096883,7.757299986365232,2.611690651626748,5.239215129468794,13,54.51532923753023,1,745,1
23.686520623673527,7.736687690291109,1.39141395034568,12.185914676819152,4,28.50842398625504,0,1792,1
35.534678700196665,7.915388692093039,3.1667999422379864,17.086660933185996,6,65.06128258635555,0,1319,1
23.432912090947738,7.693814675158445,2.0629371537089547,19.14702179532129,11,62.30764679025724,1,1327,1
7.436815615425315,7.884348496438374,3.176854731601608,7.079879696311922,23,79.75558054612235,0,1447,1
1.323054842708303,7.330766383215651,-0.024665429758244248,0.03927827828024387,1,2.477797430844051,0,39,0
1.7547062856156979,3.8266623405326414,-0.5521559635828492,0.028851783379006152,1,9.478388366454595,0,31,0
20.885850346659314,7.81361363257225,2.3278540536161754,12.096960970501907,20,91.33697454879352,0,362,1
0.4784958915825519,4.371282799776074,0.06087658840625486,0.045489703670650354,1,7.378043608694096,0,25,0
0.30241417110953644,3.994909637622017,-0.3236721977103422,0.051513369973502546,3,18.757477080934258,0,7,0
2.2101303069651657,3.2319351047676497,-0.6449113571462167,0.027614858559737714,1,9.50894831301773,0,19,0
35.30044064891218,7.73321962734634,3.8783245095986096,12.296016047771461,24,80.63174305037617,0,1344,1
19.956396548947872,7.560514190987865,1.3173223149042195,12.019642234254214,6,107.3801768167411,0,1054,1
13.278119358513994,8.0,3.4637459818294,11.183563494026231,11,35.320298258038655,1,951,1
2.8192982694524895,2.8142861361481337,-0.19225327422691157,0.06329207741147053,1,6.694265982070091,0,4,0
26.545472026723182,7.985298087527006,4.817960456519622,15.130815754407402,4,63.43158380009155,0,1309,1
1.3513537421999056,2.805340857275121,-0.06847288750230406,0.02377148919436695,1,7.125208897907729,0,37,0
19.287373010985213,7.417977748017248,5.174242354049064,11.314866702143252,8,64.88403699897634,1,1262,1
2.396095034260931,2.570781108044973,-0.03405348430762192,0.001292639729835341,1,11.804698661473715,0,17,0
4.0,7.301620729045034,0.8,17.86141883011447,7,113.1159649120689,0,616,1
0.36524033643475506,3.713952694512873,-0.5754310059689468,0.1347259862445203,3,1.0,0,20,0
3.6520122237169867,2.514898395512655,0.29941996934625015,0.014087232931347537,1,5.194317281122599,0,16,0
19.255499652914697,8.0,3.2969733211634606,13.57651558356844,13,44.68357168441716,0,295,1
0.4760197781344324,3.193606221985061,-0.5568392240692838,0.13082039048693878,1,1.0,0,13,0
31.486633589937398,7.745526227624332,3.3469574477721196,14.637363980276447,6,81.87505745729527,0,1527,1
0.518545646751606,4.798205467260972,0.5538060003035976,0.022987282900030225,1,12.907310063970838,0,33,0
0.5467566100794651,7.144068743907858,0.44951251129028774,0.048835188071411864,1,15.404932326779871,0,6,0
1.0346714034695335,7.386697943489704,-0.7817514997182522,0.014539497864286818,1,6.583868437067563,0,12,0
20.175254144023725,7.476295971454957,4.704766664065948,6.949901623788905,18,47.60322973003207,0,1189,1
1.7704621352704095,3.2036212063503076,-0.030818588788544377,0.018536195260164007,2,13.360270118043397,0,33,0
0.3907379367430246,2.9737046171303567,-0.1224643239179276,0.029432641089275395,1,1.645954479749383,0,34,0
0.2013873587688059,7.176088864995663,-0.03378189802812018,0.19555925789116352,1,15.952883849303387,0,24,0
0.3019802094326074,7.181414693390395,0.6613586281279212,0.05240030855062753,1,14.000454074356275,0,32,0
0.9068371103077564,4.382947837773532,0.028067416763602825,0.06487333988397304,3,7.409626002534445,0,23,0
0.18615411313198973,7.337932175412684,0.5281541198957768,0.018031180597041768,3,16.95738893977481,0,15,0
7.910059370906852,7.86904555436684,4.311391115647703,8.049988826122126,6,63.71386524187666,1,1776,1
9.410963431665621,7.750429256425308,1.7489212376185252,8.115972706357443,22,84.53111637905246,1,896,1
25.083755806785945,7.689303274028652,2.8339023053354997,9.0071587401501,18,50.22272161670966,0,1737,1
0.11130423604752158,4.434347882794485,0.6409547545111459,0.004341855135882476,1,17.153368779959237,0,25,0
2.2557303380857197,4.64202315307973,0.4638234954321244,0.03178104748872824,1,18.216943566831024,0,37,0
22.66336447447664,8.0,3.70574655485912,20.83199461332387,15,63.54657525395701,1,1697,1
0.99016146741461,3.2857941576411536,-0.1466811866932855,0.2807234296961524,2,9.960929748933808,0,23,0
0.4135739198006502,3.002886648666346,-0.29918610045922706,0.20259597953315947,3,21.84238368559824,0,17,0
1.79202846011071,3.108839022863355,0.5521572428825204,0.06757100739305442,1,11.231838792100573,0,26,0
0.22478690877628585,7.149879420483757,-0.13979881821693246,0.025789255223035875,1,1.0,0,26,0
3.150677163883395,5.385353445120023,0.3003068402662396,0.24529732232599352,1,17.808615982659255,0,34,0
3.067647966463961,4.4788496275805985,-0.1465557773806478,0.09212817221664732,2,4.231768915886705,0,13,0
29.164204299335793,7.375054343887719,2.1817349508784663,8.142214918410136,16,58.190160391837445,0,1403,1
26.827848082412295,7.872357409800532,2.720629532500387,13.22888417718276,23,28.332485329901452,0,1589,1
25.165883699720382,7.9519910993414165,2.876451101019124,8.767245367007447,6,62.10047526627301,0,1175,1
2.975025881894581,7.160279032880789,0.5490631623686061,0.012809587977688544,1,22.63564000988525,0,7,0
0.4689890260404524,4.386119488583266,0.15795753791603018,0.26966658871012633,4,9.662743232501079,0,19,0
0.5820462036489649,4.288914923719634,-0.1222502303186009,0.0018258388744000662,1,22.694725299343887,0,1,0
28.386784410792863,7.439343349494604,3.101904355359757,20.00043076754134,14,112.38929341206065,0,1018,1
2.6641943792132534,2.176260905808334,0.788547453729968,0.039957512421370425,1,13.820623117498943,0,22,0
20.779999438797503,7.627679684159427,2.8977964322412824,22.416633412982463,18,88.4097304711894,0,1787,1
2.9521860821499604,3.228996914983479,0.3234767778268786,0.03049411310515303,2,13.095228581296054,0,1,0
0.874483007274116,4.247559260796029,0.3356023970710481,0.022865891723722505,1,15.061657867014723,0,8,0
1.0477722198957127,4.498535544554772,-0.29224302012994996,0.00955589575564829,1,19.191195762727126,0,3,0
1.5629200380167572,3.911821575812988,0.016008629623700088,0.016870401177334238,1,5.522697530163423,0,1,0
0.21908159953752326,4.564077103553181,-0.12579631107776013,4.784941372103085e-05,1,15.67195579148693,0,17,0
0.893373563212766,3.475671993908977,-0.009383855573427718,0.018451733945545067,1,6.83453081643985,0,13,0
21.936150365186364,7.877334030739166,4.06608492099213,12.728424128229307,23,48.31415167598752,1,1268,1
26.410673728717953,7.705239389789807,2.093883857102133,14.02582098603105,9,98.434185356342,0,305,1
0.42166624628032595,1.9526530149721073,0.37128868473322674,0.06648551751606846,1,14.649771890513495,0,38,0
18.89790573834782,7.887402141889639,3.3967503378812354,6.514743295575508,22,73.75224417397095,0,1314,1
39.99550067357032,7.79231296663885,4.002369096565247,9.03774488665177,22,85.19224342092943,1,514,1
0.4540330398657957,2.284421544930428,-0.5676085682469664,0.014109820000992444,1,5.560928943147181,0,11,0
0.8704713101980079,4.333968625311449,-0.3759921408235168,0.10500496236287943,1,10.518687620587858,0,11,0
0.5375347075539263,4.945873624974001,-0.05416383674084317,0.010860484199586982,1,14.999800153559097,0,27,0
9.02027735285952,8.0,2.312770553172075,13.298547161717611,17,90.99757392880211,1,654,1
32.33943499469666,7.7556856527423434,2.7247449982768366,17.871133221484968,19,92.55075809168316,1,792,1
1.613591278804261,3.3217532908117122,-0.052289325405344075,0.09527922516891382,1,2.371470072534187,0,14,0
0.8583407212990126,3.989265400700958,0.35281951280044643,0.061843654966883356,1,17.264103040438187,0,5,0
2.189541051338367,4.740940084191935,0.20007672397855347,0.021856732609018877,1,11.911881513648758,0,16,0
0.4616610616342999,3.108487143268655,0.17077638193104766,0.0781481070992264,2,13.228010627340362,0,13,0
2.0566699288647827,4.7369966314572345,-0.3484985805673668,0.12237151546932372,1,15.907650264712132,0,7,0
1.425112502972063,7.330867337412882,-0.6727350856546572,0.17319220137252456,1,13.496221696365913,0,7,0
22.088761762556636,7.789901465287778,3.691698535401576,12.753945523041684,21,50.128591188311475,0,1795,1
4.079018656535691,6.83386904729062,0.24397864638111383,0.004492644715261113,1,23.699850245976602,0,7,0
2.038493526494785,2.487786688619747,0.16375494768978965,0.018276823450485015,2,18.00077601452389,0,8,0
0.9423076302010434,3.3943395075811953,-0.049010352181868916,0.030329208778843354,1,25.130993916575946,0,13,0
0.8618694600864842,2.641554902367448,0.523906699830033,0.025238171458080175,1,11.764581157807537,0,31,0
19.036539188716485,7.8006016973355585,4.589997888986839,9.81286337633716,18,42.18831741378625,1,724,1
22.324516384762884,7.472275597093003,3.8840972277332213,8.007584356208913,11,51.845918412919794,0,248,1
0.08924757155407534,4.423183769635201,0.19376676635155948,0.2492504446615312,2,11.570499170385016,0,1,0
28.45078728859944,7.7807198270508335,5.567553508866685,5.838355744198609,10,73.34585163633913,0,1027,1
3.3621955458445982,7.458633873358619,0.3985551918306246,0.02904883997684685,1,12.339481135832724,0,29,0
0.48988360037871614,3.6625096108293667,-0.4020339606188704,0.03868241015342699,2,11.69722171558297,0,39,0
14.205675513386964,7.868562446966857,5.394971035921326,1.5,8,59.56785732802782,0,1186,1
2.6709315296003724,4.484368006946116,-0.18319947017846733,0.040011343455045714,1,4.377723172749573,0,23,0
1.960790475321149,3.7851535953871456,-0.3721000703753643,0.0011167290051390102,1,2.4362176210602033,0,21,0
0.7607796297948234,3.13718765109,0.4720846062665897,0.026860849091000054,1,3.3386577948976477,0,11,0
1.0231880934884305,3.672324350540003,-0.3731620389462149,0.16693658186364274,1,9.823282034794968,0,27,0
2.028113674673088,3.678755635992016,0.15049667394304503,0.005115865212878116,3,12.557581404683924,0,15,0
30.340332736740073,7.656120367512905,3.925085929604305,13.495099499608958,15,90.23097077224382,0,600,1
1.4619305752077991,2.7247084237094503,-0.30682717083446553,0.040209198926763286,1,10.975520163010156,0,17,0
19.597882256649353,7.911452211267129,2.7217656347297194,16.784418542031666,10,67.5461868450025,0,187,1
5.430560939356269,7.610543263906037,3.2118622347980206,13.615907060221861,17,94.54856338629796,1,1087,1
12.91399321713365,7.672296795528709,3.3968882631062938,11.926575103225053,14,67.50766260167777,1,306,1
21.35260037374557,7.790224691740305,3.3138281079395373,10.226726790458605,16,125.11058259187928,0,1785,1
27.233024017368738,7.8892130834154095,1.8666977183124882,13.040687561345816,22,34.63125344271673,0,281,1
2.5189421265560874,5.272173707873593,-0.5554642411043964,0.06846469168007452,1,12.857697660692333,0,34,0
1.991482831196429,4.594150831130234,-0.1661632136302753,0.015591922328376672,1,9.330314217226984,0,36,0
0.732933836189211,7.461506199963762,0.3181686032109375,0.07669870195107496,1,1.0,0,29,0
0.44965763220538585,4.295941065916644,0.14590957343522992,0.02203960465111625,3,7.691767119569105,0,27,0
13.376753110787305,7.829612434970601,3.7974572251299197,6.371805876004218,11,69.23034619743194,0,1001,1
30.012243394995203,7.763853976235175,2.68506326036971,16.346534167366123,5,87.47776266997353,1,1612,1
0.4604141001550459,3.071436941548214,-0.48407540157040846,0.043356348533613864,1,18.352684040941483,0,7,0
9.031933723389288,7.856333119187719,3.8102179239202933,17.41095957864438,5,36.685044135055946,0,833,1
0.4803730442094084,6.763042390576501,0.09428312175631927,0.015794547706691996,1,1.0,0,33,0
0.5745389804730779,2.5469202136287254,0.16933344157756924,0.1491668795294638,1,16.66783418079986,0,7,0
31.345347211632784,7.690994529577169,2.47874785676367,16.585464301187326,5,23.52098790769199,1,1780,1
1.3852868232819526,7.105351537325493,0.4036448391877295,0.0032935854118341834,1,9.616854200919406,0,2,0
2.9018519110609926,3.7182972479720005,-0.094942408780941,0.03223149525594125,1,16.838192547946253,0,23,0
0.751517919185547,4.718986786343551,0.16680475224665559,0.014895482486699143,1,9.451666703167675,0,30,0
3.0727716748936524,4.561568290807841,-0.15977827284411167,0.023011674207742958,1,21.322803006526083,0,38,0
0.6820825814887567,4.155104184173949,-0.34823250587877214,0.01329801608868535,1,16.957496536036942,0,35,0
0.47281926566308946,4.068190949655959,-0.044555997333932285,0.02140467834541348,1,2.8377536350772576,0,29,0
18.240139413359934,7.548439533680299,2.705728307632859,13.561113908238184,22,121.19667489255258,1,1292,1
1.6615298307090147,2.3136063667004763,0.21579259785627958,0.0016274703523621143,1,18.28411045471831,0,11,0
3.0027638541158765,7.027325475055768,-0.23473562227818257,0.004728368922910953,2,15.293015298110774,0,23,0
1.8397809664593963,3.9791642224717876,0.3792436503379387,0.09224064150574231,1,13.526049055791123,0,31,0
1.1980053591312716,3.035058493480282,0.6896883440323937,0.06082349624513551,1,12.66434060511898,0,4,0
10.380012823298422,7.371715221630018,3.1672610387064464,14.206609074316297,23,83.27597257043034,1,493,1
0.253566727753738,7.319921151304288,0.47086721167855283,0.04704151950506895,1,8.739161356478741,0,21,0
31.731678223192937,7.53254786314513,2.867785454234756,16.137440392058238,18,70.9484474490794,1,1457,1
1.1150054246791112,4.071194948247397,0.02397099041344991,0.10826816913951427,2,9.622737946313379,0,8,0
23.681969760018344,7.874506268787439,4.301950358122614,12.865328871598676,17,74.82342738622926,0,642,1
0.05314598600197401,2.990324091361938,0.13568678086308883,0.10797033162735739,1,7.563513410383858,0,29,0
27.90100744104402,7.7736622296233335,3.3122362127274187,12.146479705432892,9,106.44032781441628,0,1381,1
0.23415884185250843,3.9653792377959953,-0.008264194882330114,0.1141711567932633,1,8.01477393632261,0,25,0
23.822136011238975,7.650072919377504,2.593470760103263,14.164772029201723,20,49.78917448672135,0,991,1
1.1093124744741354,4.77419878852096,-0.6395001593966059,0.01734889330075059,1,9.318313634504008,0,13,0
1.2986976690694967,3.6753428205367173,0.4891841802142093,0.0067210500805373555,2,20.650831974095446,0,26,0
30.627445953589685,8.0,2.4696018108713624,7.245610390129462,11,96.17099863672914,0,616,1
4.811633712880158,2.7188433880864227,-0.17060025542279955,0.174762080675685,1,17.489600339290213,0,31,0
2.908563569065394,7.406955709161002,-0.1563485843973404,0.04367983343649486,1,14.305673009915706,0,14,0
1.5287187023494835,4.324481142039606,-0.053616135112432656,0.008391491176467456,2,7.340781932751774,0,20,0
1.3267999849679748,2.610978376039765,0.4125388334461489,0.08685104285279154,2,5.850431600485393,0,14,0
0.22594442268242224,3.1557025383597246,0.22365771695927772,0.23804405124638084,1,5.921822930262973,0,32,0
35.691214046273075,8.0,2.729432671667342,9.610411497237514,12,38.19114846223056,1,767,1
0.23048816638894848,4.230449376145447,0.04060885470182911,0.01578782518897183,1,1.1067502228479817,0,7,0
20.862012570881713,7.878473118410036,2.715822609726999,4.717788473355036,21,69.81709759979388,0,994,1
0.34960341633482445,4.701886594539807,-0.01679446152517275,0.07417053915351027,4,14.556618785900383,0,33,0
11.672453997398266,7.691837077458483,2.6502189996135788,9.445991902891166,14,102.62493004511036,0,1371,1
25.016270702624105,7.712379424890989,3.7305527448895233,6.816079917408926,5,113.56368028435293,1,84,1
1.1511333496277987,2.3333270683948535,-0.5475845688903953,0.0005605401547779569,2,8.718083499267367,0,9,0
0.7641169384805762,7.466141970099217,-0.5788583045423186,0.03229803242892179,1,19.079480462554194,0,37,0
29.593193293398755,7.556623694807197,3.9767547031274426,13.056116005583979,15,90.17356520966595,0,1241,1
1.098182247106903,3.8241526297681236,-0.1739971358721072,0.10847432129675925,1,16.346127067594075,0,6,0
1.4780929700800165,7.635492586062521,0.25955865559759905,0.09025936426874782,2,20.000323801322548,0,23,0
25.571593590533844,7.586332503332749,2.2910412175914563,10.76402492651805,12,76.80720867812174,0,1236,1
0.41214320470802335,1.87779685208025,0.16570068741890254,0.04185419746970135,1,10.652262458451135,0,3,0
0.9876517597802329,7.152602763916649,0.0681243479196337,0.005698536329060797,2,11.663666604358818,0,20,0
26.026081812204044,7.770245545566979,3.9172692159589326,14.466381544458228,11,109.91900443496229,1,455,1
26.015901259110663,7.39668025611721,2.6461825099147096,14.828070011830423,20,85.17119087849457,0,1211,1
1.1763896392695454,4.327504468949561,-0.23609031391757246,0.01868737489487678,1,21.17357396888244,0,14,0
26.767450776313332,7.9076243609386925,2.1573647943320884,15.283927738951602,13,86.1675902702286,1,1273,1
2.479268286429115,4.745963061284243,-0.2627226318606629,0.030953596128926262,2,2.8655118343995607,0,21,0
24.472055462194785,7.508037560588417,1.9740245977556126,10.886282061906105,15,76.30931921818922,0,987,1
0.5537549407627597,5.038056076023141,0.22467994791307994,0.03845171699069066,2,10.194767727650849,0,39,0
0.9845403596372986,5.484161920966408,-0.584213615395367,0.10612387470397792,3,12.869447815985424,0,32,0
31.78238908776445,7.969639223648683,4.2051813460436644,3.1665112439483902,8,55.838339224505305,1,1003,1
9.568855964419658,7.376019463416718,1.8083498729167289,19.046700380775913,18,71.75817369928498,1,1558,1
25.70529678303057,8.0,4.220600450733275,14.234875348749512,18,66.70337845445052,1,1708,1
16.385996462953713,7.731267535022145,2.4316903325408568,14.563553298054483,20,68.75861154452701,0,1367,1
0.9924249110033788,7.648927834651736,-0.45729690521209637,0.06979533106742393,1,12.438349152897375,0,35,0
21.620020436361095,7.677944630624605,4.234468364299622,7.435336737361403,23,82.09777646840952,0,161,1
26.74044246343015,7.702213635708576,2.632479653915312,15.199709198119667,11,70.95581797085828,0,413,1
